MonetaryValue,Frequency,Recency,Cluster,ClusterLabel
1303.2275880434781,3.875,50.04130434782608,0,Retain
2424.006426,7.236000000000001,33.92200000000001,1,Reward
413.6201889710828,1.6375252185608644,53.958305312710145,2,Nurture
384.5366441241686,1.4290465631929055,251.1651884700665,3,Re-Engage
