Customer ID,MonetaryValue,Frequency,LastInvoiceDate,Recency
12346.0,169.36,2,2010-06-28 13:53:00,165
12347.0,1323.32,2,2010-12-07 14:57:00,3
12348.0,221.16,1,2010-09-27 14:59:00,74
12349.0,2221.14,2,2010-10-28 08:23:00,43
12351.0,300.93,1,2010-11-29 15:23:00,11
12352.0,343.8,2,2010-11-29 10:07:00,11
12353.0,317.76,1,2010-10-27 12:44:00,44
12355.0,488.21000000000004,1,2010-05-21 11:59:00,203
12356.0,3124.3,3,2010-11-24 12:24:00,16
12358.0,2519.01,3,2010-11-29 10:56:00,11
12359.0,2563.36,6,2010-10-10 11:16:00,61
12360.0,1310.83,3,2010-11-12 11:31:00,28
12361.0,276.35,3,2010-09-03 15:19:00,98
12366.0,500.24,1,2010-03-16 10:28:00,269
12368.0,917.6999999999999,1,2010-03-21 15:56:00,264
12369.0,1511.15,3,2010-10-22 13:13:00,49
12370.0,534.62,3,2010-03-25 12:10:00,260
12371.0,1819.42,3,2010-10-26 13:37:00,45
12373.0,603.0500000000001,2,2010-03-25 13:49:00,260
12374.0,2046.29,2,2010-10-14 10:16:00,57
12376.0,383.15,2,2010-11-15 12:15:00,25
12377.0,1718.2,2,2010-11-23 19:24:00,17
12378.0,1407.7,1,2010-05-26 14:07:00,198
12379.0,692.98,2,2010-10-13 14:46:00,58
12385.0,1668.4,1,2010-11-25 15:14:00,15
12386.0,258.9,1,2010-12-08 09:53:00,2
12387.0,143.94,1,2010-10-20 16:27:00,51
12388.0,1120.45,2,2010-09-20 12:41:00,81
12389.0,1433.33,3,2010-11-02 11:52:00,38
12391.0,2285.18,5,2010-09-01 12:38:00,100
12392.0,234.75000000000003,1,2010-04-27 14:04:00,227
12393.0,816.85,2,2010-11-22 16:10:00,18
12395.0,1868.64,4,2010-12-03 16:35:00,7
12396.0,931.43,1,2010-02-03 13:22:00,310
12399.0,808.65,3,2010-11-19 08:53:00,21
12400.0,205.25,1,2010-10-21 13:45:00,50
12402.0,941.3,5,2010-11-12 09:50:00,28
12403.0,555.6600000000001,1,2010-07-06 11:39:00,157
12406.0,2975.06,3,2010-11-05 11:42:00,35
12408.0,1287.22,3,2010-11-19 13:21:00,21
12410.0,240.38,1,2010-07-25 13:26:00,138
12411.0,346.9,1,2010-10-26 09:25:00,45
12412.0,1262.05,3,2010-11-02 17:02:00,38
12413.0,185.35,1,2010-11-02 13:26:00,38
12414.0,90.0,1,2010-09-02 12:22:00,99
12416.0,202.56,1,2010-02-21 10:19:00,292
12417.0,2772.31,11,2010-10-25 14:27:00,46
12418.0,1352.62,3,2010-10-22 10:29:00,49
12419.0,391.01,2,2010-11-19 10:04:00,21
12421.0,235.56,2,2010-10-20 14:28:00,51
12422.0,2955.79,9,2010-11-10 13:19:00,30
12423.0,667.08,2,2010-11-17 11:33:00,23
12424.0,1579.07,2,2010-10-13 10:29:00,58
12425.0,964.21,1,2010-09-17 14:10:00,84
12426.0,690.48,1,2010-02-15 08:41:00,298
12427.0,249.5,1,2010-12-03 10:44:00,7
12429.0,3591.51,5,2010-12-09 12:05:00,1
12434.0,297.29,1,2010-11-23 13:38:00,17
12439.0,1142.88,2,2010-01-26 12:11:00,318
12440.0,739.2,2,2010-09-03 13:11:00,98
12441.0,155.55,1,2010-12-08 10:45:00,2
12443.0,365.31,1,2009-12-07 15:42:00,368
12445.0,301.58000000000004,1,2010-10-15 12:28:00,56
12449.0,678.6,1,2010-09-27 09:37:00,74
12450.0,490.32,3,2010-11-05 16:27:00,35
12451.0,3634.36,3,2010-09-02 15:38:00,99
12455.0,3383.09,4,2010-09-20 14:39:00,81
12457.0,512.68,1,2010-09-30 17:59:00,71
12458.0,715.09,2,2010-10-08 11:36:00,63
12459.0,398.36,1,2010-04-13 14:53:00,241
12460.0,296.65,1,2010-09-09 13:51:00,92
12467.0,132.8,1,2010-10-12 15:41:00,59
12468.0,2581.2,3,2010-07-01 10:28:00,162
12469.0,3070.54,2,2010-07-05 12:40:00,158
12470.0,211.95,1,2010-01-19 11:01:00,325
12475.0,396.26,1,2010-10-26 08:49:00,45
12480.0,1949.22,3,2010-11-05 15:08:00,35
12483.0,2158.2000000000003,11,2010-11-26 12:35:00,14
12484.0,1617.78,5,2010-08-13 13:45:00,119
12485.0,708.1,1,2010-06-28 15:22:00,165
12486.0,917.28,1,2010-10-04 12:14:00,67
12487.0,285.29999999999995,1,2009-12-09 11:36:00,366
12492.0,380.0,1,2010-11-01 14:58:00,39
12494.0,518.77,3,2010-12-09 11:31:00,1
12495.0,277.4,1,2010-03-09 10:53:00,276
12496.0,45.34,2,2010-03-29 14:06:00,256
12499.0,357.72,1,2010-05-28 15:12:00,196
12500.0,1499.39,7,2010-09-30 18:45:00,71
12503.0,896.0,1,2010-05-04 13:59:00,220
12504.0,261.0,2,2010-10-18 15:09:00,53
12505.0,787.2,1,2010-10-27 09:18:00,44
12507.0,455.25,1,2010-05-04 09:23:00,220
12510.0,2224.46,5,2010-09-06 14:27:00,95
12511.0,3084.02,1,2010-10-07 10:39:00,64
12514.0,580.08,1,2010-03-08 12:18:00,277
12516.0,1102.56,2,2010-10-05 09:43:00,66
12519.0,349.7,1,2010-08-20 08:21:00,112
12525.0,883.73,3,2010-07-29 16:08:00,134
12527.0,386.8,2,2010-08-02 12:23:00,130
12529.0,316.48,1,2010-06-29 13:10:00,164
12530.0,1880.98,5,2010-10-20 15:15:00,51
12531.0,1645.98,1,2010-01-22 14:17:00,322
12533.0,1223.89,2,2010-03-22 10:56:00,263
12537.0,612.94,1,2010-10-27 08:36:00,44
12538.0,276.5,1,2010-11-26 13:02:00,14
12542.0,481.88,2,2010-08-12 19:12:00,120
12543.0,840.25,1,2010-09-17 15:51:00,84
12547.0,147.78,1,2010-07-27 13:55:00,136
12549.0,1570.68,5,2010-05-13 12:05:00,211
12553.0,826.47,2,2010-11-19 12:18:00,21
12554.0,384.5,1,2010-09-17 12:29:00,84
12562.0,1041.18,2,2010-11-19 09:35:00,21
12563.0,221.24,1,2010-10-27 09:52:00,44
12568.0,52.0,1,2010-03-05 09:15:00,280
12573.0,556.87,4,2010-11-23 13:01:00,17
12575.0,568.8199999999999,2,2010-09-08 13:09:00,93
12576.0,746.89,3,2010-11-12 12:44:00,28
12577.0,990.5,5,2010-11-23 14:06:00,17
12578.0,1623.94,2,2010-11-19 17:21:00,21
12580.0,583.1999999999999,1,2010-05-12 11:45:00,212
12582.0,1469.04,2,2010-10-13 10:52:00,58
12586.0,1865.73,3,2010-11-30 10:47:00,10
12588.0,543.88,2,2010-11-05 12:38:00,35
12589.0,2720.23,4,2010-10-14 11:54:00,57
12591.0,746.1,2,2010-11-14 14:32:00,26
12592.0,1322.04,2,2010-07-08 14:26:00,155
12594.0,1681.89,5,2010-11-26 12:17:00,14
12595.0,281.02,1,2010-07-23 09:10:00,140
12598.0,1385.01,3,2010-09-02 14:22:00,99
12599.0,1138.14,6,2010-11-23 15:49:00,17
12600.0,2133.31,11,2010-12-03 12:57:00,7
12601.0,86.2,1,2010-10-31 10:57:00,40
12605.0,1124.95,3,2010-11-28 14:18:00,12
12608.0,415.79,1,2010-10-31 10:49:00,40
12609.0,2057.01,6,2010-11-30 14:48:00,10
12613.0,3184.9900000000002,5,2010-11-16 17:17:00,24
12615.0,3269.79,4,2010-10-22 09:45:00,49
12616.0,381.8,1,2010-11-16 11:38:00,24
12619.0,140.14,1,2010-05-28 12:52:00,196
12623.0,3046.7400000000002,6,2010-10-19 09:35:00,52
12625.0,2265.06,2,2010-07-18 15:56:00,145
12629.0,1198.22,2,2010-11-19 09:18:00,21
12631.0,2841.07,5,2010-09-09 14:50:00,92
12632.0,714.88,2,2010-07-07 09:39:00,156
12633.0,3226.18,3,2010-11-22 13:09:00,18
12634.0,360.0,1,2010-06-09 15:41:00,184
12635.0,1115.23,2,2010-11-12 15:46:00,28
12637.0,2280.91,4,2010-11-26 13:50:00,14
12638.0,169.8,1,2010-03-10 10:30:00,275
12639.0,706.27,2,2010-10-01 12:17:00,70
12644.0,1422.58,3,2010-10-05 10:23:00,66
12645.0,1584.1200000000001,4,2010-10-26 18:44:00,45
12648.0,738.95,3,2010-09-28 10:35:00,73
12649.0,1527.1399999999999,5,2010-11-22 12:57:00,18
12651.0,263.75,3,2010-11-26 11:58:00,14
12652.0,97.05000000000001,1,2010-10-01 15:16:00,70
12653.0,1950.98,1,2010-07-01 09:56:00,162
12655.0,243.35000000000002,1,2010-10-12 09:17:00,59
12656.0,2104.66,3,2010-10-10 10:43:00,61
12661.0,162.0,1,2010-09-29 16:46:00,72
12662.0,2830.2400000000002,10,2010-12-01 13:04:00,9
12663.0,185.4,2,2010-03-25 09:40:00,260
12664.0,1028.16,2,2010-07-13 13:28:00,150
12665.0,214.6,2,2010-10-18 11:34:00,53
12666.0,1248.42,1,2010-11-10 16:40:00,30
12670.0,692.24,2,2010-11-19 10:05:00,21
12671.0,2622.481,1,2010-04-12 16:30:00,242
12672.0,181.15,1,2010-04-23 09:57:00,231
12673.0,565.5,1,2010-11-03 10:46:00,37
12675.0,873.25,2,2010-06-04 09:49:00,189
12676.0,1241.7,4,2010-10-27 09:36:00,44
12677.0,359.1,2,2010-06-02 14:30:00,191
12686.0,71.14,1,2010-12-03 09:51:00,7
12687.0,1858.91,1,2010-08-16 12:12:00,116
12691.0,116.6,1,2010-10-15 12:00:00,56
12692.0,110.95,1,2010-03-12 14:02:00,273
12693.0,703.11,3,2010-11-08 14:57:00,32
12694.0,901.68,1,2010-10-14 19:39:00,57
12695.0,789.02,3,2010-06-29 16:12:00,164
12696.0,731.91,2,2010-10-01 10:43:00,70
12698.0,285.75,1,2010-04-28 15:51:00,226
12699.0,566.11,1,2010-10-18 12:07:00,53
12701.0,1522.7,4,2010-06-28 13:44:00,165
12703.0,632.98,3,2010-03-16 13:22:00,269
12708.0,2295.19,9,2010-12-06 10:43:00,4
12711.0,1213.05,2,2010-04-07 11:59:00,247
12712.0,2473.53,10,2010-12-09 11:39:00,1
12717.0,227.93,1,2010-04-28 14:34:00,226
12720.0,2190.94,5,2010-12-05 15:21:00,5
12721.0,1248.95,2,2010-11-19 15:13:00,21
12724.0,1160.11,3,2010-11-21 13:26:00,19
12725.0,1906.76,3,2010-12-03 15:45:00,7
12726.0,1279.5,4,2010-11-17 16:59:00,23
12727.0,1464.8300000000002,3,2010-09-23 10:45:00,78
12728.0,197.84,1,2010-11-21 11:34:00,19
12730.0,703.25,1,2010-07-06 12:19:00,157
12733.0,2040.07,3,2010-11-15 13:56:00,25
12734.0,493.25,2,2010-11-30 11:05:00,10
12738.0,137.35,1,2010-12-02 18:27:00,8
12739.0,1445.69,1,2010-11-10 14:27:00,30
12741.0,236.07,1,2010-06-24 16:24:00,169
12742.0,1201.52,1,2010-03-24 12:43:00,261
12745.0,723.85,2,2010-08-10 10:14:00,122
12746.0,254.55,1,2010-06-17 10:41:00,176
12749.0,2806.48,4,2010-11-05 13:56:00,35
12751.0,268.27,1,2010-09-21 12:49:00,80
12759.0,3207.3,5,2010-11-18 19:14:00,22
12760.0,317.8,1,2010-09-10 08:50:00,91
12761.0,712.95,1,2010-09-01 10:47:00,100
12763.0,320.08,1,2010-12-05 15:46:00,5
12765.0,1299.58,6,2010-08-24 13:51:00,108
12766.0,2658.65,3,2010-12-08 13:53:00,2
12767.0,949.82,1,2010-11-29 09:38:00,11
12768.0,168.69000000000003,1,2010-09-15 12:08:00,86
12770.0,1895.0,1,2010-09-09 11:43:00,92
12771.0,226.3,1,2010-08-11 11:51:00,121
12773.0,124.25,1,2010-05-24 17:30:00,200
12774.0,83.7,1,2010-06-22 10:38:00,171
12775.0,270.08,2,2010-11-16 15:14:00,24
12776.0,27.5,1,2010-02-10 12:11:00,303
12777.0,519.45,1,2010-09-08 11:35:00,93
12778.0,848.45,3,2010-11-08 10:51:00,32
12779.0,2740.91,7,2010-12-03 13:40:00,7
12780.0,322.4,1,2010-04-20 09:40:00,234
12782.0,1923.32,6,2010-11-30 11:37:00,10
12784.0,1034.33,1,2010-06-28 13:06:00,165
12785.0,648.45,2,2010-06-22 12:16:00,171
12786.0,668.5,1,2010-04-09 12:12:00,245
12787.0,380.52,1,2010-10-22 14:57:00,49
12788.0,384.9,4,2010-09-02 14:21:00,99
12789.0,148.5,2,2010-07-15 12:43:00,148
12790.0,251.92999999999998,1,2010-10-25 13:04:00,46
12791.0,656.83,5,2010-12-01 11:27:00,9
12792.0,370.47,1,2010-06-23 10:49:00,170
12793.0,387.85,2,2010-12-03 15:14:00,7
12796.0,351.0,1,2010-03-21 15:49:00,264
12797.0,468.08000000000004,2,2010-12-09 10:55:00,1
12798.0,1533.8899999999999,1,2010-10-14 12:27:00,57
12799.0,219.35,1,2010-06-28 15:57:00,165
12800.0,500.25,2,2010-08-26 14:11:00,106
12801.0,871.82,1,2010-07-27 09:38:00,136
12802.0,1788.84,4,2010-09-21 15:57:00,80
12803.0,1017.81,1,2010-11-11 14:57:00,29
12804.0,325.37,2,2010-08-31 11:58:00,101
12805.0,1230.95,4,2010-11-23 12:27:00,17
12806.0,2558.96,2,2010-05-16 13:49:00,208
12807.0,250.35,1,2010-11-21 14:21:00,19
12808.0,394.45,3,2010-12-06 10:27:00,4
12809.0,979.03,2,2010-05-23 11:08:00,201
12810.0,534.99,2,2010-06-23 10:53:00,170
12811.0,435.05,2,2010-11-26 09:49:00,14
12813.0,1621.8,3,2010-07-26 09:50:00,137
12817.0,444.94,2,2010-11-05 08:28:00,35
12819.0,540.52,1,2010-09-07 15:20:00,94
12820.0,1747.18,7,2010-11-07 14:26:00,33
12821.0,128.07999999999998,1,2010-04-07 15:14:00,247
12825.0,518.63,2,2010-07-06 13:56:00,157
12826.0,1481.03,6,2010-12-09 15:21:00,1
12829.0,92.30000000000001,1,2010-06-07 15:04:00,186
12831.0,236.06,2,2010-09-02 16:00:00,99
12837.0,528.5600000000001,1,2010-05-19 15:10:00,205
12838.0,2694.75,9,2010-12-01 11:57:00,9
12840.0,1315.2,3,2010-09-28 17:58:00,73
12842.0,799.0,2,2010-10-31 10:45:00,40
12844.0,322.64,2,2010-09-23 16:23:00,78
12847.0,765.36,1,2010-11-17 12:44:00,23
12848.0,208.0,1,2010-02-02 12:45:00,311
12849.0,2023.33,4,2010-11-23 11:41:00,17
12850.0,330.0,1,2010-09-20 12:26:00,81
12851.0,148.95,1,2010-08-19 15:13:00,113
12853.0,1950.4,5,2010-10-08 14:51:00,63
12854.0,1654.72,4,2010-05-27 16:54:00,197
12855.0,612.84,4,2010-12-02 09:37:00,8
12857.0,2581.6,4,2010-09-29 16:49:00,72
12858.0,147.27,1,2010-11-21 12:55:00,19
12859.0,575.1,1,2010-09-07 12:20:00,94
12860.0,54.22,1,2010-01-15 15:22:00,329
12861.0,68.25,1,2010-03-30 11:39:00,255
12862.0,984.62,2,2010-10-10 11:47:00,61
12863.0,2271.35,5,2010-11-25 17:47:00,15
12864.0,152.45,1,2010-07-19 17:22:00,144
12865.0,1755.24,2,2010-11-26 15:37:00,14
12866.0,593.23,2,2010-08-22 15:48:00,110
12868.0,640.0,3,2010-12-01 12:50:00,9
12869.0,337.66999999999996,1,2010-01-27 12:10:00,317
12870.0,1676.95,3,2010-11-29 13:42:00,11
12871.0,363.38,1,2010-09-26 10:34:00,75
12872.0,3062.52,11,2010-12-09 14:44:00,1
12873.0,1653.3,2,2010-11-07 11:15:00,33
12874.0,873.42,2,2010-11-19 15:23:00,21
12875.0,1013.76,3,2010-08-25 14:35:00,107
12876.0,1698.77,2,2010-11-10 12:21:00,30
12877.0,1406.3700000000001,8,2010-11-03 13:53:00,37
12880.0,640.13,2,2010-11-23 10:50:00,17
12887.0,222.4,1,2010-11-21 11:18:00,19
12889.0,385.46000000000004,4,2010-11-23 16:08:00,17
12890.0,329.3,1,2010-11-17 14:06:00,23
12891.0,509.5,8,2010-09-07 15:31:00,94
12892.0,263.38,1,2010-11-08 09:51:00,32
12894.0,157.35,1,2010-05-13 14:47:00,211
12897.0,297.75,2,2010-11-23 13:29:00,17
12898.0,296.21000000000004,2,2010-09-02 08:08:00,99
12899.0,366.4,1,2010-10-22 09:53:00,49
12900.0,340.33,1,2010-10-13 15:17:00,58
12903.0,833.53,1,2010-10-07 12:39:00,64
12905.0,1018.42,2,2010-05-12 10:05:00,212
12907.0,508.91,2,2010-11-09 12:08:00,31
12908.0,1026.0,3,2010-11-24 09:29:00,16
12909.0,924.52,3,2010-10-11 09:44:00,60
12910.0,2721.48,5,2010-11-25 12:27:00,15
12911.0,1651.72,1,2010-06-06 12:13:00,187
12914.0,223.98,1,2010-11-04 12:28:00,36
12915.0,811.1,3,2010-12-02 12:33:00,8
12916.0,1534.78,3,2010-09-23 11:57:00,78
12917.0,3765.2,5,2010-11-04 15:56:00,36
12920.0,323.86,3,2010-05-17 12:57:00,207
12923.0,597.6,2,2010-11-14 13:16:00,26
12924.0,1535.7,8,2010-11-11 15:21:00,29
12925.0,35.28,1,2010-04-26 10:32:00,228
12926.0,1523.59,4,2010-10-24 15:57:00,47
12927.0,197.31,1,2010-11-10 10:02:00,30
12928.0,2242.19,7,2010-11-26 15:53:00,14
12932.0,1698.56,8,2010-06-18 14:22:00,175
12933.0,1029.1,5,2010-11-24 17:11:00,16
12934.0,181.65,1,2009-12-03 10:51:00,372
12935.0,2083.16,8,2010-11-29 13:55:00,11
12937.0,1593.34,5,2010-09-02 16:01:00,99
12941.0,377.49,1,2009-12-15 13:12:00,360
12942.0,258.75,1,2010-12-09 09:34:00,1
12943.0,496.5,2,2010-05-30 13:52:00,194
12945.0,437.16,1,2010-02-21 15:18:00,292
12946.0,324.45,1,2010-09-29 10:14:00,72
12947.0,304.04,1,2010-12-01 16:21:00,9
12948.0,252.48000000000002,2,2009-12-09 11:46:00,366
12951.0,2149.65,9,2010-11-18 12:11:00,22
12953.0,498.96000000000004,1,2010-07-05 13:37:00,158
12954.0,162.45,1,2010-03-11 10:16:00,274
12956.0,413.82,3,2010-01-24 10:33:00,320
12958.0,467.34,2,2010-11-04 16:16:00,36
12959.0,150.95,1,2010-08-12 17:20:00,120
12960.0,1322.07,4,2010-10-22 09:31:00,49
12961.0,211.99,1,2010-11-25 16:44:00,15
12963.0,1744.96,5,2010-12-09 09:14:00,1
12964.0,132.24,1,2010-09-28 17:47:00,73
12967.0,2646.02,2,2010-12-03 09:49:00,7
12969.0,122.45,1,2010-04-16 10:50:00,238
12970.0,1047.07,6,2010-11-24 13:08:00,16
12972.0,1161.2,4,2010-10-22 08:41:00,49
12973.0,385.55,1,2010-10-22 10:14:00,49
12974.0,264.15,1,2010-05-23 11:45:00,201
12975.0,2100.09,6,2010-09-29 09:46:00,72
12976.0,2417.7799999999997,7,2010-11-26 14:51:00,14
12977.0,474.64,3,2010-07-26 12:34:00,137
12978.0,2502.82,5,2010-11-19 14:29:00,21
12979.0,517.7,1,2009-12-10 15:45:00,365
12982.0,2354.27,7,2010-11-10 08:50:00,30
12983.0,490.08000000000004,1,2010-04-20 12:58:00,234
12986.0,2729.84,10,2010-10-07 11:57:00,64
12987.0,753.51,3,2010-10-15 13:48:00,56
12990.0,546.0,4,2010-10-18 08:56:00,53
12991.0,261.06,1,2010-11-15 13:43:00,25
12992.0,93.35000000000001,1,2009-12-14 16:46:00,361
12993.0,844.87,4,2010-09-20 13:09:00,81
12996.0,355.5,1,2010-11-29 09:27:00,11
12997.0,884.02,4,2010-11-10 12:16:00,30
12998.0,920.08,3,2010-08-04 08:05:00,128
13000.0,497.65000000000003,1,2009-12-14 17:03:00,361
13002.0,293.18,2,2010-10-19 12:23:00,52
13005.0,485.98,2,2010-10-04 11:07:00,67
13007.0,175.25,1,2010-05-09 10:38:00,215
13008.0,382.66,2,2010-11-07 10:34:00,33
13009.0,234.0,1,2010-02-05 12:22:00,308
13010.0,330.12,2,2010-11-30 15:09:00,10
13011.0,50.550000000000004,1,2010-12-02 17:22:00,8
13012.0,1310.99,3,2010-10-06 10:40:00,65
13014.0,1914.8,1,2010-10-03 11:35:00,68
13015.0,3240.14,6,2010-09-27 10:39:00,74
13018.0,2485.46,7,2010-10-22 13:11:00,49
13019.0,1229.95,6,2010-11-25 14:56:00,15
13020.0,618.96,2,2010-05-26 11:12:00,198
13021.0,2270.86,8,2010-11-30 13:31:00,10
13022.0,50.3,1,2010-10-06 10:50:00,65
13023.0,651.13,1,2010-06-29 09:52:00,164
13024.0,555.87,2,2010-08-26 09:42:00,106
13025.0,323.39,1,2009-12-08 10:02:00,367
13026.0,757.72,4,2010-08-08 10:43:00,124
13029.0,679.8,2,2010-11-30 08:59:00,10
13030.0,402.36,1,2010-12-06 14:31:00,4
13031.0,3292.84,5,2010-10-28 15:34:00,43
13032.0,1805.78,7,2010-11-12 12:49:00,28
13033.0,30.0,1,2010-10-06 09:37:00,65
13034.0,279.91,2,2010-12-05 14:52:00,5
13035.0,442.32,1,2010-10-04 15:41:00,67
13036.0,307.1,1,2010-01-24 11:35:00,320
13037.0,3033.88,9,2010-11-05 10:39:00,35
13039.0,1010.73,4,2010-05-04 16:45:00,220
13041.0,799.13,4,2010-09-15 11:44:00,86
13042.0,1488.59,3,2010-04-20 13:43:00,234
13045.0,503.64,2,2010-11-03 12:49:00,37
13046.0,319.94,1,2010-09-09 13:09:00,92
13048.0,2229.72,5,2010-09-29 13:49:00,72
13049.0,751.5600000000001,2,2010-11-15 14:44:00,25
13051.0,155.8,2,2010-05-10 09:14:00,214
13052.0,2770.33,6,2010-10-15 14:47:00,56
13053.0,127.65,1,2010-03-28 11:28:00,257
13055.0,1106.7,1,2010-10-06 08:17:00,65
13056.0,209.48,1,2010-06-06 14:10:00,187
13057.0,709.59,3,2010-06-27 15:44:00,166
13059.0,2108.37,9,2010-10-22 16:11:00,49
13063.0,188.4,1,2010-08-16 12:27:00,116
13064.0,561.25,2,2010-06-07 16:28:00,186
13065.0,1055.05,5,2010-12-01 16:52:00,9
13067.0,393.05,2,2010-10-26 12:15:00,45
13070.0,522.9,3,2010-09-06 12:37:00,95
13071.0,129.22,1,2010-04-06 13:37:00,248
13073.0,418.08,2,2010-10-24 14:06:00,47
13074.0,1378.74,4,2010-07-16 16:53:00,147
13076.0,135.4,1,2010-09-08 10:27:00,93
13077.0,2326.35,8,2010-12-08 14:59:00,2
13079.0,199.08,1,2010-10-18 14:15:00,53
13080.0,222.65,3,2010-11-03 14:34:00,37
13083.0,91.67999999999999,1,2010-10-10 13:38:00,61
13084.0,122.39999999999999,1,2010-08-05 08:49:00,127
13085.0,2017.2,6,2010-01-29 11:42:00,315
13086.0,439.33000000000004,1,2010-11-22 10:28:00,18
13087.0,313.64,1,2009-12-13 15:16:00,362
13088.0,236.11,1,2010-10-18 15:35:00,53
13091.0,762.98,1,2009-12-10 12:44:00,365
13092.0,1662.45,7,2010-10-21 13:02:00,50
13094.0,505.8,2,2010-12-06 10:34:00,4
13096.0,419.70000000000005,1,2010-11-10 14:08:00,30
13101.0,594.21,3,2010-07-29 14:45:00,134
13103.0,465.70000000000005,2,2010-09-28 11:48:00,73
13104.0,610.62,3,2010-10-20 14:38:00,51
13105.0,72.0,1,2010-09-29 13:41:00,72
13106.0,526.96,1,2010-10-22 13:10:00,49
13107.0,3721.45,5,2010-10-22 10:35:00,49
13108.0,748.46,2,2010-12-02 10:35:00,8
13109.0,347.49,1,2010-06-06 12:59:00,187
13110.0,1468.8000000000002,5,2010-09-28 15:23:00,73
13111.0,321.88000000000005,1,2009-12-21 09:00:00,354
13112.0,20.6,1,2010-06-16 17:03:00,177
13114.0,234.38,1,2009-12-09 09:56:00,366
13115.0,3199.92,6,2010-11-25 18:49:00,15
13118.0,1217.6,4,2010-11-28 13:53:00,12
13119.0,134.9,1,2010-02-09 08:38:00,304
13123.0,506.75,2,2010-08-24 10:18:00,108
13124.0,885.33,1,2010-11-19 15:50:00,21
13125.0,148.62,1,2010-07-04 11:58:00,159
13126.0,1898.6100000000001,7,2010-12-08 11:43:00,2
13128.0,263.5,1,2010-03-18 15:08:00,267
13129.0,233.25,2,2010-09-13 13:47:00,88
13131.0,2240.47,4,2010-10-17 15:13:00,54
13133.0,90.65,1,2010-09-06 15:30:00,95
13134.0,681.65,2,2010-11-02 13:58:00,38
13135.0,275.45,1,2010-08-05 17:28:00,127
13136.0,3666.9500000000003,8,2010-11-29 12:43:00,11
13138.0,504.85,2,2010-12-02 15:03:00,8
13139.0,3138.04,1,2010-09-28 09:12:00,73
13140.0,790.71,3,2010-12-08 15:12:00,2
13143.0,405.1,1,2010-05-04 12:22:00,220
13144.0,24.4,1,2010-10-04 14:14:00,67
13145.0,805.0,4,2010-12-02 18:06:00,8
13150.0,449.96999999999997,3,2010-08-12 12:59:00,120
13151.0,1196.84,2,2010-03-24 09:31:00,261
13152.0,2146.38,7,2010-10-18 13:44:00,53
13154.0,1624.84,3,2010-11-05 16:00:00,35
13155.0,778.42,3,2010-12-06 12:44:00,4
13156.0,1586.54,3,2010-11-19 13:09:00,21
13158.0,307.12,1,2010-11-16 17:12:00,24
13161.0,359.38,1,2010-07-27 12:44:00,136
13163.0,17.65,1,2010-04-08 16:21:00,246
13164.0,372.2,2,2010-05-19 13:52:00,205
13165.0,429.68,1,2010-10-22 17:04:00,49
13166.0,458.73,1,2010-10-21 14:29:00,50
13167.0,333.82,1,2010-11-14 12:58:00,26
13168.0,541.14,1,2010-06-15 15:00:00,178
13169.0,127.2,1,2010-05-26 15:58:00,198
13172.0,69.6,1,2010-11-04 15:10:00,36
13173.0,2202.11,10,2010-12-07 14:30:00,3
13175.0,831.45,2,2010-05-06 13:13:00,218
13177.0,229.75,1,2010-10-05 10:35:00,66
13179.0,572.3100000000001,1,2010-03-31 11:40:00,254
13180.0,86.10000000000001,1,2010-04-11 13:37:00,243
13181.0,359.69,1,2010-11-23 15:05:00,17
13183.0,3078.4,6,2010-11-10 13:49:00,30
13187.0,92.34,3,2010-03-25 19:06:00,260
13190.0,570.66,3,2010-06-13 15:47:00,180
13191.0,159.21,1,2010-02-19 17:02:00,294
13192.0,1646.6399999999999,4,2010-06-22 09:52:00,171
13194.0,412.08,1,2010-10-14 11:54:00,57
13195.0,136.73,1,2010-10-21 13:07:00,50
13196.0,1271.06,3,2010-09-22 14:01:00,79
13197.0,373.01000000000005,1,2010-04-09 09:14:00,245
13198.0,1572.99,2,2010-11-17 14:25:00,23
13201.0,1233.06,4,2010-07-25 14:30:00,138
13202.0,1580.3,7,2010-11-10 16:24:00,30
13203.0,1778.79,6,2010-11-18 10:08:00,22
13204.0,966.6600000000001,1,2009-12-08 14:56:00,367
13205.0,2803.2,1,2010-09-22 16:26:00,79
13207.0,285.6,2,2010-09-14 15:44:00,87
13208.0,758.65,3,2010-09-16 19:43:00,85
13209.0,2617.9,5,2010-07-13 15:50:00,150
13211.0,1523.35,7,2010-11-23 15:17:00,17
13213.0,2330.94,6,2010-11-21 14:34:00,19
13214.0,3264.23,7,2010-10-18 10:00:00,53
13215.0,81.6,1,2010-11-02 18:26:00,38
13217.0,132.5,1,2010-02-22 12:49:00,291
13219.0,76.23,1,2010-03-31 14:18:00,254
13220.0,516.8,1,2010-05-13 10:35:00,211
13222.0,88.5,1,2010-05-11 13:54:00,213
13223.0,805.9200000000001,4,2010-10-12 11:07:00,59
13226.0,204.25,1,2010-11-11 13:46:00,29
13233.0,571.34,2,2010-10-15 11:49:00,56
13234.0,346.5,2,2010-02-05 11:41:00,308
13237.0,643.0,1,2010-11-17 10:07:00,23
13238.0,305.9,2,2010-10-05 12:38:00,66
13239.0,1265.1299999999999,4,2010-09-28 17:21:00,73
13240.0,1030.76,5,2010-12-09 12:49:00,1
13241.0,112.53,1,2010-10-24 11:17:00,47
13242.0,429.0,4,2010-09-14 13:53:00,87
13243.0,635.26,4,2010-09-16 13:18:00,85
13245.0,558.72,1,2010-10-03 14:03:00,68
13246.0,1390.23,5,2010-11-11 12:54:00,29
13249.0,897.52,6,2010-11-03 14:05:00,37
13250.0,253.09,2,2010-09-05 11:33:00,96
13251.0,252.68,1,2010-11-02 13:20:00,38
13252.0,399.3,2,2010-11-10 16:00:00,30
13253.0,1920.71,2,2010-10-05 13:33:00,66
13254.0,51.410000000000004,1,2010-11-28 15:42:00,12
13255.0,504.95,2,2010-12-01 11:58:00,9
13257.0,149.75,1,2010-09-29 14:58:00,72
13258.0,336.59999999999997,2,2010-11-25 10:54:00,15
13259.0,1115.61,8,2010-11-07 10:56:00,33
13262.0,373.16,2,2010-11-15 12:20:00,25
13263.0,1239.27,4,2010-11-11 15:49:00,29
13264.0,722.5600000000001,1,2010-09-23 12:42:00,78
13266.0,2300.78,7,2010-10-22 12:13:00,49
13270.0,590.0,1,2010-12-08 14:53:00,2
13274.0,360.85,1,2010-10-26 13:48:00,45
13275.0,238.86,2,2010-11-21 12:09:00,19
13276.0,1300.98,3,2010-11-07 14:17:00,33
13277.0,264.9,3,2010-11-24 15:34:00,16
13278.0,882.62,3,2010-11-05 11:42:00,35
13280.0,1494.87,4,2010-11-25 14:51:00,15
13281.0,350.85,1,2010-09-26 16:03:00,75
13282.0,181.05,1,2010-10-29 14:11:00,42
13283.0,279.7,2,2010-05-21 13:56:00,203
13285.0,655.47,2,2010-04-18 13:38:00,236
13286.0,734.91,1,2010-04-18 15:35:00,236
13287.0,781.59,3,2010-04-15 15:26:00,239
13288.0,927.61,5,2010-09-22 16:32:00,79
13289.0,307.95,1,2009-12-16 11:53:00,359
13291.0,2909.68,10,2010-10-21 19:01:00,50
13292.0,415.57,3,2010-10-20 13:15:00,51
13293.0,1192.94,6,2010-11-12 13:28:00,28
13294.0,815.79,1,2010-03-03 12:54:00,282
13295.0,900.77,3,2010-11-28 14:14:00,12
13296.0,705.11,5,2010-10-12 12:41:00,59
13297.0,2278.77,3,2010-11-19 13:49:00,21
13299.0,1076.2,2,2010-10-12 10:53:00,59
13300.0,913.62,2,2010-11-16 17:10:00,24
13302.0,95.45,1,2010-07-01 12:32:00,162
13303.0,61.72,1,2010-11-04 14:55:00,36
13304.0,917.57,3,2010-09-10 10:09:00,91
13305.0,1751.75,7,2010-12-02 12:10:00,8
13306.0,53.65,1,2010-10-05 14:55:00,66
13307.0,258.34,2,2010-08-09 12:56:00,123
13308.0,284.86,1,2010-04-22 09:22:00,232
13309.0,249.58,1,2010-11-12 12:10:00,28
13310.0,409.17,2,2010-11-24 09:14:00,16
13312.0,124.75,1,2010-09-14 14:36:00,87
13313.0,1890.0,7,2010-08-17 11:45:00,115
13315.0,310.26,1,2010-01-19 15:34:00,325
13320.0,679.4,2,2010-10-01 14:59:00,70
13324.0,3391.52,8,2010-10-07 12:44:00,64
13326.0,281.76,1,2010-10-03 16:00:00,68
13330.0,1655.17,3,2010-09-10 14:12:00,91
13331.0,262.4,1,2010-11-03 08:04:00,37
13333.0,1015.74,3,2010-10-24 13:24:00,47
13334.0,2699.48,2,2010-06-21 13:52:00,172
13337.0,1575.26,1,2010-06-11 13:27:00,182
13338.0,1908.6,3,2010-06-16 10:23:00,177
13346.0,299.4,6,2010-09-03 11:41:00,98
13357.0,3185.61,4,2010-08-02 14:02:00,130
13359.0,553.75,1,2010-11-01 15:05:00,39
13360.0,1503.65,4,2010-10-04 12:37:00,67
13361.0,1450.5,2,2010-08-24 14:56:00,108
13362.0,2303.33,3,2010-11-26 16:38:00,14
13363.0,731.36,1,2010-10-26 11:07:00,45
13367.0,460.20000000000005,1,2010-10-04 10:00:00,67
13368.0,448.1,2,2010-10-21 09:43:00,50
13369.0,258.28000000000003,1,2010-12-09 11:30:00,1
13370.0,754.87,1,2010-12-03 10:26:00,7
13371.0,2297.66,2,2010-07-22 17:33:00,141
13374.0,372.8,2,2010-10-21 10:04:00,50
13375.0,1013.58,1,2010-09-21 08:12:00,80
13377.0,1452.88,2,2010-11-08 12:20:00,32
13380.0,62.4,1,2010-10-03 10:18:00,68
13382.0,1164.59,4,2010-10-07 09:28:00,64
13383.0,305.28000000000003,1,2010-06-14 11:45:00,179
13384.0,2528.9,4,2010-11-14 13:13:00,26
13386.0,835.46,2,2010-10-21 12:52:00,50
13387.0,181.84,1,2010-10-18 14:07:00,53
13388.0,508.55,1,2010-04-15 10:18:00,239
13392.0,91.14,1,2010-01-31 13:34:00,313
13393.0,1131.45,4,2010-05-05 09:34:00,219
13395.0,872.51,2,2010-11-04 14:00:00,36
13397.0,1647.74,5,2010-09-28 13:10:00,73
13398.0,213.0,1,2010-09-17 09:34:00,84
13399.0,275.4,3,2010-09-01 13:59:00,100
13400.0,310.83,1,2010-05-06 09:00:00,218
13402.0,913.9000000000001,3,2010-12-02 17:12:00,8
13403.0,154.5,2,2010-11-17 11:38:00,23
13405.0,641.36,3,2010-08-15 13:28:00,117
13406.0,568.92,2,2010-10-08 14:44:00,63
13407.0,2244.7,3,2010-05-10 12:41:00,214
13410.0,1198.9,4,2010-11-11 16:45:00,29
13412.0,487.34999999999997,1,2010-03-29 16:28:00,256
13413.0,429.44,6,2010-03-10 12:17:00,275
13414.0,1103.64,3,2010-09-02 16:55:00,99
13415.0,784.17,4,2010-08-24 11:38:00,108
13416.0,228.3,1,2009-12-03 13:02:00,372
13417.0,1028.66,4,2010-06-10 10:05:00,183
13421.0,2225.04,6,2010-10-29 17:17:00,42
13423.0,217.03,1,2010-10-07 09:02:00,64
13424.0,572.77,1,2010-09-16 10:49:00,85
13425.0,1766.22,2,2010-07-19 12:56:00,144
13427.0,423.93,3,2010-08-19 11:45:00,113
13428.0,276.76,2,2010-07-13 13:33:00,150
13431.0,2047.14,6,2010-10-29 14:09:00,42
13432.0,436.55,2,2010-05-17 13:18:00,207
13433.0,658.3199999999999,4,2010-07-26 16:55:00,137
13434.0,1132.6200000000001,3,2010-11-19 15:09:00,21
13435.0,637.44,2,2010-11-28 13:51:00,12
13438.0,46.5,1,2010-06-10 18:46:00,183
13439.0,702.9,2,2010-11-16 15:24:00,24
13440.0,1295.25,7,2010-10-12 13:11:00,59
13441.0,424.26,1,2010-10-04 10:38:00,67
13442.0,419.87,3,2010-02-10 14:03:00,303
13443.0,1269.3700000000001,6,2010-09-17 12:31:00,84
13444.0,619.08,2,2010-11-30 13:02:00,10
13445.0,241.89999999999998,1,2010-03-23 15:34:00,262
13450.0,2076.32,7,2010-11-30 13:20:00,10
13452.0,139.8,1,2010-08-24 09:53:00,108
13453.0,424.71,1,2010-11-02 13:23:00,38
13454.0,219.87,1,2010-03-08 14:40:00,277
13455.0,1847.59,5,2010-12-08 13:11:00,2
13457.0,148.22,2,2010-01-20 08:48:00,324
13458.0,2312.7,2,2010-11-25 15:02:00,15
13459.0,1160.4099999999999,2,2010-03-25 10:24:00,260
13461.0,2715.0,3,2010-10-28 17:53:00,43
13462.0,1002.35,4,2010-10-25 10:00:00,46
13464.0,2422.96,5,2010-11-10 12:24:00,30
13465.0,931.12,2,2010-09-19 15:13:00,82
13466.0,705.45,4,2010-10-27 12:50:00,44
13469.0,82.4,1,2010-02-24 15:03:00,289
13472.0,592.24,2,2010-09-02 09:41:00,99
13473.0,2235.12,6,2010-05-14 10:47:00,210
13474.0,419.75,2,2010-09-22 09:21:00,79
13476.0,823.0,3,2010-10-29 08:24:00,42
13477.0,1364.59,5,2010-09-10 09:08:00,91
13478.0,2215.78,5,2010-08-27 13:23:00,105
13479.0,550.42,2,2010-09-13 13:29:00,88
13480.0,627.82,2,2010-10-19 11:53:00,52
13481.0,2026.28,6,2010-11-30 10:32:00,10
13482.0,151.45,1,2010-03-22 10:31:00,263
13484.0,476.92,2,2010-11-21 13:48:00,19
13485.0,2560.98,10,2010-11-28 11:04:00,12
13487.0,271.47,2,2010-07-22 10:41:00,141
13490.0,154.25,1,2010-02-23 14:48:00,290
13495.0,3329.39,6,2010-12-06 15:14:00,4
13497.0,972.28,5,2010-12-06 11:37:00,4
13498.0,327.38,1,2009-12-09 15:26:00,366
13500.0,299.53,1,2010-11-03 13:16:00,37
13501.0,1544.79,2,2010-08-10 13:01:00,122
13502.0,488.5,2,2010-10-20 10:15:00,51
13503.0,1561.19,4,2010-08-17 13:17:00,115
13506.0,1180.68,4,2010-12-05 12:15:00,5
13508.0,176.07999999999998,1,2010-03-07 11:58:00,278
13509.0,135.0,1,2010-07-20 12:10:00,143
13510.0,2766.73,7,2010-11-29 12:26:00,11
13511.0,282.76,1,2010-02-01 12:10:00,312
13512.0,462.18,3,2010-11-17 14:55:00,23
13513.0,619.49,2,2010-09-24 16:25:00,77
13514.0,663.7,3,2010-10-07 12:10:00,64
13515.0,374.7,2,2010-09-16 15:07:00,85
13516.0,295.85,1,2010-10-18 08:52:00,53
13519.0,220.46,1,2010-09-23 11:45:00,78
13520.0,2685.05,6,2010-12-03 10:36:00,7
13523.0,1136.64,2,2010-12-08 14:22:00,2
13526.0,1182.0,2,2009-12-01 13:13:00,374
13527.0,2298.93,5,2010-10-17 12:52:00,54
13530.0,402.97999999999996,1,2010-03-15 14:10:00,270
13531.0,1254.72,5,2010-12-08 15:03:00,2
13534.0,1850.82,10,2010-11-25 15:54:00,15
13535.0,89.5,1,2010-11-02 11:49:00,38
13537.0,717.85,2,2010-10-10 12:45:00,61
13538.0,1822.28,5,2010-11-08 14:19:00,32
13539.0,938.02,4,2010-10-15 09:15:00,56
13540.0,632.39,3,2010-08-29 14:20:00,103
13541.0,785.25,2,2010-10-08 16:37:00,63
13543.0,1439.6100000000001,2,2010-03-15 13:34:00,270
13544.0,514.14,4,2010-10-24 11:25:00,47
13545.0,364.93,2,2010-11-14 11:27:00,26
13546.0,465.15,2,2010-11-22 17:33:00,18
13547.0,164.53,1,2010-10-27 14:14:00,44
13548.0,223.28,1,2010-08-25 13:44:00,107
13549.0,87.6,1,2010-11-17 12:17:00,23
13550.0,342.55,1,2010-11-21 15:24:00,19
13551.0,152.39999999999998,1,2010-02-11 15:01:00,302
13552.0,3208.85,10,2010-10-07 12:30:00,64
13553.0,499.6,1,2010-02-03 12:21:00,310
13554.0,1629.35,7,2010-11-24 15:05:00,16
13556.0,200.82,2,2010-10-06 16:44:00,65
13557.0,2448.2,11,2010-10-20 14:06:00,51
13559.0,990.0,2,2010-07-15 09:52:00,148
13561.0,1661.54,10,2010-11-07 14:28:00,33
13562.0,3038.85,5,2010-11-03 10:43:00,37
13565.0,174.57999999999998,1,2010-10-24 15:51:00,47
13566.0,827.91,3,2010-10-01 12:27:00,70
13567.0,1079.29,4,2010-10-07 12:51:00,64
13569.0,497.74,3,2010-12-07 12:29:00,3
13573.0,612.82,4,2010-11-25 15:01:00,15
13574.0,404.45,1,2010-10-24 13:28:00,47
13577.0,1796.68,7,2010-11-22 08:11:00,18
13578.0,147.66,1,2010-10-26 13:44:00,45
13579.0,1072.0,4,2010-12-05 16:10:00,5
13580.0,107.75,1,2010-10-29 15:01:00,42
13581.0,162.53,1,2010-10-21 16:30:00,50
13582.0,241.68,2,2010-11-15 11:34:00,25
13583.0,664.001,1,2010-01-29 13:53:00,315
13584.0,243.3,2,2010-07-29 13:36:00,134
13585.0,684.54,3,2010-06-27 12:33:00,166
13586.0,127.28,1,2010-06-16 13:47:00,177
13587.0,961.1,3,2010-09-16 13:52:00,85
13589.0,741.09,4,2010-09-16 13:29:00,85
13591.0,976.8100000000001,4,2010-09-30 08:59:00,71
13593.0,3481.41,9,2010-11-17 13:11:00,23
13594.0,136.35000000000002,1,2010-08-11 10:23:00,121
13595.0,784.48,3,2010-07-11 12:36:00,152
13597.0,396.71,2,2010-11-04 14:54:00,36
13598.0,601.92,4,2010-08-01 13:21:00,131
13600.0,298.9,1,2010-03-15 17:16:00,270
13601.0,466.67,2,2010-11-12 15:20:00,28
13602.0,596.28,3,2010-11-23 12:14:00,17
13604.0,717.62,1,2010-02-19 12:02:00,294
13605.0,522.67,2,2010-11-17 17:16:00,23
13607.0,400.3,1,2010-11-02 11:48:00,38
13608.0,232.05,1,2010-06-17 12:28:00,176
13609.0,167.35,1,2010-04-25 13:26:00,229
13610.0,1020.13,7,2010-11-17 15:31:00,23
13611.0,2143.53,7,2010-11-30 16:26:00,10
13612.0,818.29,1,2010-03-17 12:14:00,268
13613.0,1039.8500000000001,5,2010-09-13 12:01:00,88
13614.0,747.28,2,2010-11-11 12:20:00,29
13616.0,283.85,2,2010-05-20 12:59:00,204
13617.0,734.57,5,2010-10-27 14:00:00,44
13619.0,223.44,2,2010-06-13 11:39:00,180
13620.0,112.34,1,2010-06-29 15:02:00,164
13622.0,658.95,1,2010-01-12 13:22:00,332
13623.0,1805.32,5,2010-11-24 13:36:00,16
13624.0,462.08,1,2010-11-16 13:43:00,24
13625.0,301.26,1,2010-04-22 10:50:00,232
13626.0,449.81,1,2010-11-25 16:12:00,15
13627.0,607.43,2,2010-08-08 14:32:00,124
13628.0,310.14,1,2010-02-01 14:44:00,312
13632.0,1526.88,3,2010-11-10 12:03:00,30
13634.0,3440.7200000000003,10,2010-11-28 14:40:00,12
13635.0,1928.1299999999999,3,2010-09-23 10:06:00,78
13639.0,312.93,1,2010-09-29 10:05:00,72
13640.0,405.0,1,2010-04-07 15:33:00,247
13641.0,942.37,4,2010-03-09 07:37:00,276
13642.0,159.92,3,2010-10-03 12:33:00,68
13643.0,1637.33,7,2010-11-22 15:19:00,18
13646.0,326.25,2,2010-11-05 12:13:00,35
13647.0,1393.56,4,2010-08-02 10:31:00,130
13648.0,1759.07,8,2010-11-04 14:46:00,36
13649.0,1304.88,5,2010-12-08 14:46:00,2
13650.0,1451.66,4,2010-11-30 13:55:00,10
13651.0,132.65,1,2010-11-23 09:44:00,17
13652.0,1475.77,3,2010-12-06 09:21:00,4
13653.0,152.2,1,2010-08-09 08:19:00,123
13654.0,3600.67,5,2010-11-24 16:41:00,16
13655.0,1347.54,4,2010-11-30 08:24:00,10
13656.0,699.2,2,2010-07-28 10:48:00,135
13658.0,3386.33,4,2010-11-21 16:10:00,19
13659.0,3321.68,10,2010-10-19 14:09:00,52
13660.0,306.64,1,2010-11-04 16:10:00,36
13661.0,325.24,1,2010-04-15 14:58:00,239
13662.0,1352.35,8,2010-11-19 10:58:00,21
13663.0,1858.04,4,2010-11-24 13:55:00,16
13665.0,1711.6599999999999,3,2010-11-18 13:06:00,22
13666.0,42.4,2,2010-10-15 15:46:00,56
13669.0,195.0,1,2010-10-28 15:05:00,43
13671.0,172.6,1,2010-11-10 10:50:00,30
13672.0,233.53000000000003,1,2009-12-09 11:40:00,366
13674.0,240.68,1,2010-10-03 10:41:00,68
13676.0,243.9,2,2010-06-18 17:30:00,175
13677.0,551.24,2,2010-10-31 11:32:00,40
13679.0,281.26,3,2010-08-03 12:13:00,129
13683.0,258.6,1,2010-09-08 10:00:00,93
13684.0,529.75,3,2010-11-14 11:34:00,26
13686.0,337.04,2,2010-11-24 14:44:00,16
13688.0,375.5,1,2010-03-14 14:11:00,271
13689.0,349.5,1,2010-09-21 10:27:00,80
13691.0,210.78,1,2010-11-08 17:34:00,32
13692.0,1626.08,2,2010-10-27 09:57:00,44
13693.0,2011.82,9,2010-11-30 18:21:00,10
13695.0,266.6,1,2010-05-11 11:07:00,213
13696.0,2020.4,3,2010-10-14 09:44:00,57
13698.0,451.73,2,2010-04-22 11:52:00,232
13699.0,455.57,1,2010-06-07 13:03:00,186
13700.0,348.34,3,2010-10-18 11:38:00,53
13701.0,161.0,1,2010-09-19 12:39:00,82
13702.0,135.18,1,2010-09-20 11:40:00,81
13703.0,326.06,1,2010-10-20 13:11:00,51
13705.0,1323.47,5,2010-12-01 10:29:00,9
13706.0,300.38,1,2010-03-23 09:18:00,262
13707.0,2559.45,3,2010-10-06 10:05:00,65
13709.0,1263.7,5,2010-09-19 15:17:00,82
13710.0,329.04,2,2010-10-12 10:22:00,59
13711.0,1540.2,7,2010-10-29 15:05:00,42
13712.0,537.58,1,2010-04-08 11:16:00,246
13713.0,740.76,3,2010-10-27 16:18:00,44
13714.0,161.35,1,2010-08-31 13:57:00,101
13717.0,318.29,2,2010-09-08 16:17:00,93
13719.0,1740.42,6,2010-11-11 12:40:00,29
13721.0,217.39999999999998,1,2010-11-09 17:59:00,31
13722.0,3260.0,7,2010-10-15 10:18:00,56
13723.0,994.23,5,2010-11-12 16:59:00,28
13724.0,213.01,1,2010-03-12 15:28:00,273
13727.0,740.6700000000001,6,2010-04-07 12:14:00,247
13728.0,1839.03,10,2010-11-17 13:50:00,23
13729.0,724.73,3,2010-09-30 10:44:00,71
13733.0,487.03000000000003,2,2010-10-25 12:18:00,46
13736.0,2022.67,5,2010-10-10 11:41:00,61
13738.0,434.78000000000003,1,2010-11-08 15:23:00,32
13739.0,75.3,1,2010-06-30 10:25:00,163
13740.0,1232.02,4,2010-10-20 13:30:00,51
13745.0,477.32,1,2010-06-11 17:19:00,182
13746.0,176.69,1,2010-10-22 11:55:00,49
13747.0,169.79999999999998,2,2010-12-01 10:37:00,9
13748.0,1320.1,5,2010-12-01 09:00:00,9
13750.0,1954.92,6,2010-11-24 11:07:00,16
13752.0,404.45000000000005,1,2010-06-30 10:23:00,163
13753.0,1353.31,3,2010-04-20 14:08:00,234
13754.0,164.45000000000002,1,2010-09-28 15:29:00,73
13757.0,195.55,1,2010-02-03 12:37:00,310
13760.0,1076.85,3,2010-10-31 15:18:00,40
13761.0,881.52,4,2010-07-25 12:50:00,138
13762.0,2165.76,4,2010-04-25 15:51:00,229
13763.0,3502.48,2,2010-10-18 13:25:00,53
13764.0,1392.25,3,2010-05-19 15:47:00,205
13765.0,352.821,1,2010-02-24 13:46:00,289
13766.0,190.35,1,2010-08-01 14:25:00,131
13768.0,875.97,2,2009-12-13 10:41:00,362
13769.0,3003.9100000000003,11,2010-12-07 13:28:00,3
13770.0,785.37,4,2010-10-13 15:10:00,58
13771.0,3094.37,5,2010-06-24 13:42:00,169
13772.0,1977.39,5,2010-11-04 13:14:00,36
13773.0,301.54,2,2010-11-08 11:49:00,32
13775.0,1049.66,1,2010-04-28 12:15:00,226
13778.0,945.79,3,2010-08-05 14:52:00,127
13779.0,161.13,1,2010-07-12 11:24:00,151
13780.0,372.06,1,2010-10-28 19:51:00,43
13781.0,650.99,2,2010-04-26 14:30:00,228
13782.0,877.22,7,2010-09-12 10:40:00,89
13783.0,1542.09,4,2010-08-09 09:23:00,123
13784.0,447.44,3,2010-10-01 08:19:00,70
13785.0,542.49,4,2010-10-07 09:25:00,64
13786.0,3127.99,6,2010-12-07 13:53:00,3
13787.0,913.46,4,2010-09-07 11:55:00,94
13788.0,3.75,1,2010-07-22 15:50:00,141
13789.0,239.45999999999998,1,2010-11-16 15:31:00,24
13792.0,188.4,1,2010-10-13 11:05:00,58
13793.0,96.0,1,2010-03-03 08:25:00,282
13794.0,126.03,1,2010-06-11 12:30:00,182
13795.0,836.3,4,2010-11-16 17:25:00,24
13796.0,289.7,1,2010-07-28 14:45:00,135
13797.0,1179.45,3,2010-09-29 10:34:00,72
13799.0,2114.71,7,2010-09-21 12:02:00,80
13800.0,1121.24,2,2010-10-05 14:19:00,66
13803.0,1061.84,2,2010-10-04 10:52:00,67
13804.0,572.73,2,2010-09-30 16:20:00,71
13807.0,422.2,3,2010-12-07 15:48:00,3
13809.0,524.65,2,2010-11-10 09:35:00,30
13813.0,1218.61,4,2010-06-30 08:50:00,163
13814.0,678.2,1,2010-06-30 14:12:00,163
13815.0,3070.38,4,2010-10-29 11:42:00,42
13818.0,61.28,1,2010-10-06 12:35:00,65
13819.0,1502.0,3,2010-02-08 15:30:00,305
13820.0,652.75,3,2010-10-17 13:46:00,54
13821.0,993.44,4,2010-11-11 13:24:00,29
13823.0,2445.79,5,2010-11-24 13:32:00,16
13824.0,1615.82,7,2010-11-25 17:33:00,15
13825.0,255.59,2,2010-03-28 11:02:00,257
13829.0,102.0,1,2010-10-14 18:19:00,57
13830.0,156.85000000000002,1,2010-05-07 12:24:00,217
13832.0,557.6899999999999,1,2010-10-13 14:41:00,58
13833.0,316.56,1,2010-10-31 14:11:00,40
13834.0,324.19,2,2010-05-12 10:27:00,212
13835.0,260.7,3,2010-07-08 11:50:00,155
13836.0,620.37,2,2010-11-05 13:31:00,35
13838.0,1245.91,7,2010-12-05 10:45:00,5
13839.0,139.95000000000002,1,2010-08-10 13:52:00,122
13840.0,651.4,1,2010-10-19 13:34:00,52
13842.0,2244.29,10,2010-12-08 10:39:00,2
13843.0,319.75,1,2010-11-23 17:48:00,17
13846.0,442.73,1,2010-11-05 09:47:00,35
13847.0,310.72,1,2009-12-20 10:41:00,355
13848.0,2080.0,6,2010-12-08 15:10:00,2
13849.0,1931.35,3,2010-11-07 12:13:00,33
13851.0,1955.0,5,2010-11-25 11:34:00,15
13852.0,187.35000000000002,1,2010-04-08 09:06:00,246
13855.0,1310.3400000000001,4,2010-07-27 09:53:00,136
13856.0,753.53,8,2010-09-02 18:24:00,99
13857.0,1000.91,6,2010-11-11 12:54:00,29
13859.0,314.7,1,2010-06-28 15:36:00,165
13861.0,273.26,2,2010-10-06 14:20:00,65
13862.0,346.73,1,2010-11-15 13:43:00,25
13863.0,933.77,3,2010-08-31 12:57:00,101
13864.0,662.4000000000001,1,2010-11-18 12:50:00,22
13870.0,2941.14,7,2010-11-17 15:47:00,23
13871.0,1482.6,4,2010-10-07 12:56:00,64
13872.0,919.57,3,2010-06-30 15:35:00,163
13873.0,649.32,5,2010-11-21 11:47:00,19
13874.0,1508.7,6,2010-07-23 12:59:00,140
13875.0,3027.58,9,2010-11-17 13:12:00,23
13877.0,332.44,2,2010-08-26 17:19:00,106
13878.0,1145.33,3,2010-06-10 10:15:00,183
13879.0,395.5,1,2010-03-04 10:49:00,281
13880.0,1171.89,5,2010-12-07 14:00:00,3
13884.0,1037.43,5,2010-11-28 11:45:00,12
13888.0,1405.92,5,2010-10-31 11:09:00,40
13889.0,1574.3300000000002,5,2010-11-22 13:25:00,18
13890.0,1043.57,4,2010-11-30 12:46:00,10
13891.0,859.21,3,2010-11-26 15:57:00,14
13892.0,634.68,2,2010-08-19 09:07:00,113
13895.0,1415.45,2,2010-07-12 10:46:00,151
13896.0,388.55,1,2010-03-24 08:55:00,261
13897.0,849.56,2,2010-09-27 13:36:00,74
13898.0,530.47,1,2010-10-24 15:42:00,47
13900.0,869.64,3,2010-11-15 14:48:00,25
13901.0,2809.14,10,2010-11-30 15:21:00,10
13903.0,165.45000000000002,1,2010-11-04 17:44:00,36
13905.0,312.65,1,2009-12-07 11:41:00,368
13906.0,42.0,1,2010-10-26 15:00:00,45
13907.0,136.8,1,2010-01-17 12:22:00,327
13909.0,282.85,2,2010-10-12 17:22:00,59
13911.0,1654.08,11,2010-11-25 16:16:00,15
13912.0,124.95,1,2010-10-12 08:43:00,59
13913.0,42.22,1,2010-07-21 10:11:00,142
13915.0,70.80000000000001,1,2010-11-10 15:17:00,30
13916.0,1275.81,4,2010-09-02 10:04:00,99
13919.0,903.87,2,2010-10-11 11:53:00,60
13920.0,1774.68,4,2010-10-04 12:37:00,67
13921.0,730.7,4,2010-11-02 16:32:00,38
13922.0,692.95,2,2010-09-28 17:26:00,73
13927.0,359.27,1,2010-09-28 16:12:00,73
13929.0,2651.45,9,2010-10-19 09:50:00,52
13936.0,563.08,2,2010-11-22 10:34:00,18
13937.0,721.28,1,2010-11-02 12:37:00,38
13939.0,992.41,4,2010-10-04 14:35:00,67
13942.0,320.0,1,2010-06-23 12:35:00,170
13943.0,246.54,1,2010-05-11 11:30:00,213
13944.0,200.43,1,2010-02-24 15:02:00,289
13945.0,854.15,2,2010-11-10 10:00:00,30
13946.0,1314.66,3,2010-11-28 16:21:00,12
13948.0,446.76,3,2010-10-24 13:46:00,47
13953.0,3125.0,5,2010-10-26 15:16:00,45
13955.0,221.10999999999999,1,2010-11-29 17:35:00,11
13957.0,458.25,3,2010-10-18 10:02:00,53
13959.0,470.73,3,2010-11-05 16:52:00,35
13961.0,538.4,1,2010-11-12 14:40:00,28
13962.0,193.25,1,2010-09-30 10:35:00,71
13964.0,438.9,2,2010-11-17 13:53:00,23
13965.0,996.61,3,2010-08-20 10:40:00,112
13966.0,384.26,1,2010-09-30 13:08:00,71
13967.0,85.6,1,2010-11-08 13:24:00,32
13968.0,123.66,1,2010-10-12 13:22:00,59
13970.0,846.55,2,2010-11-18 13:21:00,22
13971.0,1909.31,6,2010-10-12 08:51:00,59
13974.0,264.13,1,2010-05-06 17:55:00,218
13975.0,2795.16,6,2010-11-11 16:18:00,29
13976.0,834.38,3,2010-07-21 09:27:00,142
13977.0,519.8100000000001,1,2010-10-24 14:08:00,47
13979.0,2503.76,6,2010-11-11 14:10:00,29
13980.0,568.68,4,2010-09-26 12:58:00,75
13981.0,331.14,1,2010-10-20 10:03:00,51
13982.0,2511.08,6,2010-12-09 13:57:00,1
13984.0,1128.09,8,2010-12-08 15:58:00,2
13985.0,2960.73,7,2010-11-30 08:58:00,10
13987.0,682.54,2,2010-11-25 10:20:00,15
13988.0,609.84,2,2010-11-21 12:40:00,19
13989.0,759.98,3,2010-09-01 13:58:00,100
13992.0,142.7,2,2010-11-24 15:42:00,16
13993.0,3309.35,10,2010-11-25 11:03:00,15
13995.0,2508.32,9,2010-11-25 16:31:00,15
13996.0,845.76,2,2010-11-18 16:27:00,22
13997.0,376.46,3,2010-07-08 18:06:00,155
13998.0,566.7,3,2010-09-19 10:20:00,82
14000.0,1410.68,4,2010-10-21 15:35:00,50
14001.0,2487.01,7,2010-12-01 12:58:00,9
14003.0,209.41,1,2009-12-07 08:53:00,368
14004.0,1675.81,4,2010-11-11 13:26:00,29
14006.0,1234.48,4,2010-06-29 12:43:00,164
14007.0,79.48,1,2010-07-15 09:06:00,148
14008.0,509.04,1,2010-10-03 13:09:00,68
14009.0,404.3,1,2010-09-03 12:08:00,98
14010.0,445.15,2,2010-05-23 13:00:00,201
14011.0,457.82,2,2010-08-16 15:31:00,116
14013.0,611.5500000000001,2,2010-11-24 16:16:00,16
14014.0,1443.03,2,2010-11-28 14:56:00,12
14017.0,229.75,1,2010-05-17 14:52:00,207
14018.0,367.15000000000003,1,2010-03-04 14:23:00,281
14020.0,606.21,2,2010-08-20 13:09:00,112
14021.0,1084.68,4,2010-11-30 15:14:00,10
14022.0,352.15000000000003,1,2010-08-10 09:38:00,122
14024.0,318.04,1,2010-11-14 10:51:00,26
14026.0,713.11,2,2010-08-26 10:31:00,106
14032.0,1874.68,6,2010-12-08 10:53:00,2
14033.0,109.44,1,2010-06-02 15:10:00,191
14035.0,1366.73,4,2010-10-29 10:10:00,42
14037.0,689.75,4,2010-08-18 12:52:00,114
14038.0,1509.5,2,2010-11-07 14:52:00,33
14039.0,115.08000000000001,1,2010-05-13 10:15:00,211
14042.0,431.98,1,2009-12-14 15:07:00,361
14043.0,302.6,2,2010-08-05 18:18:00,127
14044.0,2427.53,6,2010-10-17 13:28:00,54
14047.0,2946.42,10,2010-12-02 10:09:00,8
14048.0,338.76,2,2010-11-22 14:21:00,18
14052.0,241.3,1,2010-11-14 11:37:00,26
14053.0,312.05,2,2010-11-07 14:50:00,33
14055.0,795.3199999999999,2,2010-05-11 10:24:00,213
14057.0,2135.0,5,2010-11-23 08:38:00,17
14058.0,469.19,2,2010-09-03 09:31:00,98
14061.0,917.4300000000001,3,2010-07-20 17:22:00,143
14064.0,1925.9,10,2010-10-05 13:20:00,66
14065.0,891.02,3,2010-11-15 16:13:00,25
14068.0,1250.8700000000001,3,2010-04-15 14:28:00,239
14069.0,225.81,2,2010-07-13 12:12:00,150
14070.0,321.6,1,2010-01-24 12:27:00,320
14072.0,390.85,1,2010-02-11 12:31:00,302
14074.0,219.39999999999998,1,2010-03-26 13:55:00,259
14075.0,782.61,2,2010-11-01 13:15:00,39
14077.0,115.66,1,2010-11-09 16:01:00,31
14078.0,638.69,4,2010-12-01 12:54:00,9
14080.0,1070.08,4,2010-10-22 14:04:00,49
14082.0,231.10999999999999,1,2010-11-12 11:47:00,28
14083.0,373.3,3,2010-12-03 12:24:00,7
14084.0,150.5,1,2010-07-15 14:36:00,148
14086.0,39.95,1,2010-09-03 10:52:00,98
14087.0,638.0,2,2010-10-31 11:22:00,40
14092.0,3152.54,10,2010-11-30 14:48:00,10
14094.0,311.77,1,2010-09-26 11:58:00,75
14095.0,2.95,1,2009-12-17 12:49:00,358
14097.0,422.85999999999996,2,2010-08-15 14:20:00,117
14099.0,2646.7400000000002,9,2010-11-29 13:03:00,11
14104.0,524.3199999999999,3,2010-11-15 13:13:00,25
14106.0,214.79999999999998,1,2009-12-02 14:09:00,373
14107.0,2174.07,4,2010-09-17 12:25:00,84
14108.0,447.05,2,2009-12-08 15:25:00,367
14112.0,2919.44,6,2010-09-14 13:41:00,87
14114.0,977.5600000000001,5,2010-11-09 09:13:00,31
14115.0,622.6700000000001,2,2010-07-26 12:36:00,137
14118.0,458.45,1,2010-10-07 11:59:00,64
14119.0,183.37,2,2010-11-29 10:33:00,11
14122.0,362.42,3,2010-10-29 15:11:00,42
14123.0,436.18,1,2009-12-06 15:35:00,369
14126.0,466.33000000000004,1,2010-09-21 14:51:00,80
14127.0,1190.3700000000001,3,2010-11-24 16:56:00,16
14128.0,286.71,1,2010-06-06 14:05:00,187
14129.0,1467.48,4,2010-11-05 09:59:00,35
14130.0,1377.86,3,2010-11-29 17:11:00,11
14131.0,168.22,1,2010-03-01 11:59:00,284
14133.0,305.5,1,2009-12-06 12:10:00,369
14136.0,1570.81,5,2010-11-04 11:53:00,36
14137.0,332.7,1,2010-01-13 12:30:00,331
14139.0,670.98,3,2010-08-06 14:00:00,126
14142.0,671.34,2,2010-12-01 16:33:00,9
14144.0,30.599999999999998,1,2010-08-10 15:17:00,122
14147.0,2106.8,7,2010-11-16 08:11:00,24
14148.0,309.09000000000003,1,2010-10-21 14:08:00,50
14151.0,679.45,2,2010-02-04 15:35:00,309
14152.0,1376.05,5,2010-11-17 14:20:00,23
14153.0,233.4,1,2010-08-13 14:35:00,119
14157.0,553.8000000000001,3,2010-11-15 15:10:00,25
14159.0,3221.6,9,2010-11-25 13:32:00,15
14161.0,2182.46,5,2010-12-05 13:18:00,5
14163.0,148.71,1,2010-09-03 17:15:00,98
14166.0,251.15,2,2010-07-22 19:42:00,141
14167.0,711.7,4,2010-09-01 17:15:00,100
14168.0,370.45,2,2010-10-15 10:49:00,56
14169.0,613.11,2,2010-10-05 08:45:00,66
14170.0,570.18,3,2010-11-29 13:10:00,11
14171.0,135.0,1,2009-12-09 13:50:00,366
14172.0,369.02,3,2010-04-13 13:26:00,241
14173.0,135.16,2,2010-03-08 13:24:00,277
14176.0,339.11,2,2010-12-07 11:45:00,3
14177.0,1660.23,9,2010-11-23 14:23:00,17
14180.0,1570.73,9,2010-12-02 13:08:00,8
14181.0,308.35,2,2010-10-25 08:27:00,46
14182.0,678.77,4,2010-09-22 11:45:00,79
14183.0,278.34000000000003,2,2010-10-24 14:45:00,47
14186.0,1550.63,5,2010-10-08 13:30:00,63
14187.0,123.5,1,2010-08-23 12:06:00,109
14189.0,1160.31,2,2010-12-06 11:42:00,4
14190.0,79.9,1,2010-02-11 14:27:00,302
14191.0,132.9,2,2010-11-10 12:27:00,30
14192.0,293.74,1,2010-11-16 17:44:00,24
14193.0,356.8,1,2010-11-08 12:31:00,32
14195.0,1603.6,4,2010-09-26 14:06:00,75
14197.0,390.05,1,2010-10-25 10:01:00,46
14198.0,868.33,5,2010-11-04 13:50:00,36
14199.0,906.3,3,2010-10-12 08:25:00,59
14200.0,379.2,1,2010-04-01 13:01:00,253
14201.0,446.1,3,2010-10-26 18:51:00,45
14202.0,847.76,3,2010-11-23 17:13:00,17
14203.0,339.34,1,2010-11-07 13:35:00,33
14204.0,874.22,3,2010-10-13 13:32:00,58
14205.0,1947.5,7,2010-11-10 14:37:00,30
14206.0,856.85,2,2010-11-16 18:20:00,24
14207.0,157.8,1,2010-01-21 09:33:00,323
14208.0,415.31,1,2010-06-06 13:11:00,187
14209.0,2919.84,9,2010-11-19 13:58:00,21
14211.0,2161.19,9,2010-10-24 12:54:00,47
14212.0,1119.6599999999999,1,2010-09-20 11:48:00,81
14213.0,1192.2,1,2010-10-31 10:37:00,40
14215.0,1626.61,4,2010-12-06 15:34:00,4
14216.0,310.74,1,2010-10-21 15:07:00,50
14217.0,1411.91,7,2010-12-08 13:28:00,2
14219.0,543.89,2,2010-10-26 10:34:00,45
14220.0,882.5999999999999,2,2010-05-21 13:29:00,203
14221.0,3084.69,8,2010-09-16 14:41:00,85
14224.0,831.98,5,2010-11-14 13:53:00,26
14225.0,2031.07,4,2010-10-01 10:32:00,70
14226.0,770.34,1,2010-09-24 14:32:00,77
14227.0,3015.2000000000003,5,2010-10-21 10:49:00,50
14228.0,745.5,3,2010-09-28 09:45:00,73
14229.0,1046.84,4,2010-11-01 13:04:00,39
14230.0,979.8000000000001,3,2010-09-30 09:07:00,71
14231.0,309.91,1,2010-09-15 09:52:00,86
14233.0,1441.55,3,2010-08-31 15:03:00,101
14235.0,1573.1299999999999,4,2010-07-29 17:24:00,134
14236.0,1253.78,4,2010-12-02 18:49:00,8
14237.0,471.14,2,2010-12-01 13:20:00,9
14238.0,287.38,2,2010-02-15 11:39:00,298
14239.0,1882.3200000000002,10,2010-10-04 15:01:00,67
14240.0,357.15,1,2010-10-12 12:48:00,59
14241.0,120.0,1,2010-01-12 15:11:00,332
14244.0,366.41999999999996,1,2010-02-17 11:40:00,296
14247.0,616.79,4,2010-10-31 13:58:00,40
14248.0,730.37,2,2010-09-06 14:04:00,95
14252.0,350.99,1,2010-11-23 13:36:00,17
14253.0,363.40000000000003,2,2010-08-03 14:55:00,129
14254.0,601.03,1,2010-10-03 11:52:00,68
14256.0,1491.73,3,2010-08-05 09:30:00,127
14257.0,2854.73,4,2010-11-24 16:00:00,16
14260.0,824.28,3,2010-08-25 14:55:00,107
14263.0,322.93,1,2010-10-12 14:09:00,59
14264.0,1183.39,4,2010-11-25 17:42:00,15
14265.0,843.17,2,2010-09-01 12:20:00,100
14266.0,40.56,1,2010-10-07 13:32:00,64
14268.0,354.85,1,2010-08-26 10:45:00,106
14269.0,295.73,1,2010-09-26 12:53:00,75
14271.0,101.86,1,2010-10-26 17:01:00,45
14272.0,482.85,2,2010-05-26 09:49:00,198
14274.0,256.6,1,2010-01-22 12:51:00,322
14275.0,1189.3799999999999,6,2010-11-09 09:06:00,31
14276.0,982.94,4,2010-10-28 17:13:00,43
14278.0,205.83,1,2010-10-26 12:07:00,45
14279.0,191.86,2,2010-07-07 08:42:00,156
14281.0,245.15,1,2010-10-27 14:45:00,44
14283.0,628.4399999999999,4,2010-09-02 14:46:00,99
14284.0,704.4,1,2010-02-24 12:06:00,289
14285.0,1374.41,4,2010-07-14 14:07:00,149
14290.0,2201.91,3,2010-10-22 12:03:00,49
14293.0,2221.37,6,2010-12-06 10:18:00,4
14294.0,375.34,1,2010-10-28 16:25:00,43
14295.0,2186.71,3,2010-09-27 09:48:00,74
14296.0,456.40000000000003,2,2010-10-14 14:14:00,57
14301.0,1352.04,3,2010-10-19 14:09:00,52
14302.0,742.9000000000001,3,2010-10-05 08:10:00,66
14303.0,277.94,2,2010-10-28 15:37:00,43
14304.0,1341.56,2,2010-11-25 10:20:00,15
14306.0,1058.0800000000002,4,2010-11-26 10:44:00,14
14307.0,2075.31,5,2010-12-01 11:41:00,9
14309.0,1428.28,2,2010-10-22 13:18:00,49
14310.0,492.1,1,2010-10-03 12:34:00,68
14311.0,206.19,1,2010-05-21 10:28:00,203
14312.0,1478.7,5,2010-11-26 11:40:00,14
14314.0,109.80000000000001,1,2010-10-05 08:00:00,66
14315.0,716.69,2,2010-05-24 13:56:00,200
14316.0,1370.34,5,2010-10-13 16:31:00,58
14318.0,158.02,1,2010-09-05 15:32:00,96
14319.0,494.85,1,2010-10-11 13:38:00,60
14320.0,868.96,3,2010-06-11 12:45:00,182
14321.0,687.3100000000001,2,2010-10-04 12:48:00,67
14322.0,474.1,4,2010-10-06 15:17:00,65
14324.0,701.61,2,2010-10-26 11:44:00,45
14325.0,245.48000000000002,1,2010-05-19 09:20:00,205
14326.0,757.13,2,2010-09-02 13:29:00,99
14327.0,1583.28,5,2010-11-22 15:24:00,18
14330.0,200.63,1,2010-03-26 09:10:00,259
14332.0,1077.2,2,2010-11-23 15:24:00,17
14334.0,1766.27,4,2010-10-10 10:33:00,61
14338.0,339.88,1,2010-06-21 10:32:00,172
14339.0,310.75,1,2010-10-07 08:50:00,64
14341.0,2285.04,10,2010-10-15 15:52:00,56
14342.0,249.88,2,2010-10-03 12:46:00,68
14343.0,1079.66,4,2010-10-14 13:05:00,57
14346.0,1294.17,3,2010-10-10 14:19:00,61
14347.0,82.6,1,2009-12-03 10:49:00,372
14350.0,689.1,2,2010-11-24 12:01:00,16
14353.0,285.9,2,2010-10-25 14:46:00,46
14355.0,840.0500000000001,3,2010-12-09 12:16:00,1
14358.0,400.06,2,2010-11-15 15:51:00,25
14361.0,214.70999999999998,1,2010-05-10 12:29:00,214
14363.0,227.47000000000003,2,2010-11-02 17:01:00,38
14365.0,634.68,2,2010-11-10 09:52:00,30
14366.0,136.0,1,2010-07-02 17:23:00,161
14369.0,469.13,2,2010-03-07 15:47:00,278
14370.0,1175.78,6,2010-09-15 10:53:00,86
14372.0,860.08,2,2010-09-22 16:17:00,79
14374.0,108.0,1,2010-06-16 14:25:00,177
14375.0,871.26,2,2010-09-15 14:45:00,86
14376.0,215.46,1,2010-01-25 15:36:00,319
14378.0,131.25,1,2010-03-28 12:22:00,257
14379.0,917.06,2,2010-11-11 16:29:00,29
14381.0,423.26,1,2010-09-14 16:15:00,87
14382.0,578.14,1,2010-11-14 16:32:00,26
14384.0,58.5,1,2010-07-27 09:53:00,136
14388.0,3488.16,9,2010-12-02 11:02:00,8
14389.0,854.55,3,2010-10-11 10:04:00,60
14390.0,1731.16,5,2010-12-02 11:57:00,8
14391.0,135.6,1,2010-05-12 09:42:00,212
14392.0,266.4,1,2010-10-03 12:56:00,68
14394.0,93.8,1,2010-05-24 10:43:00,200
14396.0,1591.74,6,2010-12-03 15:19:00,7
14398.0,707.79,2,2010-11-03 13:46:00,37
14399.0,2108.21,8,2010-11-10 13:23:00,30
14400.0,1157.77,2,2010-10-27 13:59:00,44
14401.0,2744.42,9,2010-10-11 15:25:00,60
14402.0,285.6,1,2010-02-25 13:20:00,288
14403.0,404.7,2,2010-04-29 08:47:00,225
14404.0,1404.04,8,2010-12-05 16:00:00,5
14405.0,195.0,1,2010-11-18 11:40:00,22
14408.0,1503.2400000000002,4,2010-08-25 13:08:00,107
14409.0,1696.64,5,2010-12-06 15:06:00,4
14410.0,1531.63,2,2010-11-28 14:57:00,12
14412.0,656.16,1,2010-10-11 12:33:00,60
14413.0,300.67,2,2010-10-25 14:41:00,46
14414.0,902.35,1,2010-11-30 10:12:00,10
14417.0,524.65,1,2010-11-17 10:55:00,23
14419.0,202.85,1,2010-11-22 11:09:00,18
14420.0,1251.65,3,2010-11-08 10:49:00,32
14421.0,1656.26,4,2010-07-15 12:30:00,148
14423.0,651.41,2,2010-09-28 10:42:00,73
14425.0,661.39,3,2010-10-01 10:24:00,70
14427.0,900.1800000000001,2,2010-08-02 11:25:00,130
14429.0,516.28,1,2010-11-01 10:08:00,39
14430.0,1220.9,3,2010-07-16 11:35:00,147
14431.0,2143.84,3,2010-11-25 14:03:00,15
14433.0,280.7,1,2010-08-31 12:35:00,101
14435.0,90.42,1,2010-07-26 12:33:00,137
14436.0,182.64000000000001,1,2010-06-04 11:32:00,189
14437.0,873.34,5,2010-12-09 09:27:00,1
14441.0,2898.8,7,2010-11-30 19:35:00,10
14442.0,3777.2,5,2010-10-21 15:39:00,50
14443.0,966.27,2,2010-12-06 11:03:00,4
14444.0,120.44,1,2010-09-09 18:56:00,92
14445.0,221.65,1,2010-09-10 11:09:00,91
14446.0,189.93,1,2010-11-18 12:08:00,22
14447.0,548.5,1,2010-11-04 13:32:00,36
14449.0,1555.4,5,2010-12-02 14:09:00,8
14450.0,645.19,4,2010-11-25 11:58:00,15
14451.0,2614.78,10,2010-11-15 14:09:00,25
14452.0,399.9,2,2010-11-09 14:13:00,31
14454.0,977.3,5,2010-11-28 13:26:00,12
14455.0,617.72,4,2010-10-03 15:48:00,68
14458.0,219.26999999999998,1,2010-11-24 12:43:00,16
14459.0,3537.821,1,2010-02-26 13:26:00,287
14460.0,659.16,6,2010-11-08 15:00:00,32
14462.0,262.24,1,2010-10-03 14:13:00,68
14463.0,256.95,1,2010-07-28 11:35:00,135
14464.0,111.0,2,2010-05-20 18:00:00,204
14465.0,2887.4100000000003,8,2010-10-07 15:09:00,64
14466.0,2374.5,7,2010-12-02 13:36:00,8
14467.0,1606.98,8,2010-11-15 11:01:00,25
14468.0,204.24,1,2009-12-06 12:21:00,369
14469.0,2093.46,4,2010-10-19 14:30:00,52
14470.0,250.85,1,2010-10-05 12:39:00,66
14471.0,400.95,2,2010-04-27 17:12:00,227
14472.0,266.05,1,2010-01-19 13:09:00,325
14474.0,711.23,1,2010-05-09 12:12:00,215
14475.0,225.3,1,2010-10-27 09:20:00,44
14477.0,660.0,3,2010-09-29 14:05:00,72
14478.0,1276.66,4,2010-11-22 15:29:00,18
14479.0,982.86,3,2010-12-09 12:59:00,1
14480.0,1020.47,3,2010-11-02 12:35:00,38
14481.0,1648.18,3,2010-10-28 19:20:00,43
14482.0,2283.91,6,2010-11-25 15:26:00,15
14483.0,120.0,1,2009-12-03 10:16:00,372
14484.0,749.0600000000001,3,2010-11-03 13:50:00,37
14486.0,175.5,2,2010-07-16 09:42:00,147
14487.0,225.89000000000001,2,2010-12-06 13:22:00,4
14489.0,1111.55,3,2010-09-28 15:26:00,73
14490.0,1273.47,2,2010-10-29 15:04:00,42
14491.0,127.2,1,2010-12-02 12:10:00,8
14492.0,1921.91,7,2010-10-05 13:21:00,66
14493.0,2704.62,5,2010-11-14 16:16:00,26
14494.0,261.9,2,2010-11-03 13:13:00,37
14495.0,51.0,1,2010-02-18 08:49:00,295
14496.0,2129.42,6,2010-12-01 15:35:00,9
14497.0,221.69,1,2010-02-04 09:59:00,309
14498.0,1943.51,5,2010-11-03 11:11:00,37
14499.0,1293.3500000000001,4,2010-11-30 14:28:00,10
14506.0,1256.6000000000001,3,2010-12-05 14:25:00,5
14507.0,1848.8600000000001,5,2010-11-26 11:24:00,14
14508.0,554.87,3,2010-11-28 13:21:00,12
14509.0,110.95,1,2010-06-23 13:21:00,170
14510.0,979.85,3,2010-11-29 12:46:00,11
14512.0,940.69,5,2010-11-21 13:00:00,19
14513.0,332.42,3,2010-09-29 12:11:00,72
14514.0,3389.84,6,2010-09-29 13:14:00,72
14515.0,1647.17,6,2010-11-17 12:24:00,23
14516.0,151.17,1,2010-07-11 14:07:00,152
14519.0,203.14,2,2010-01-25 11:18:00,319
14521.0,199.45000000000002,1,2010-08-05 16:35:00,127
14522.0,773.8800000000001,4,2010-04-23 10:45:00,231
14524.0,1066.03,4,2010-10-26 11:21:00,45
14526.0,258.65,1,2010-11-15 13:32:00,25
14530.0,3226.76,10,2010-11-08 13:05:00,32
14531.0,376.34,1,2010-08-17 10:16:00,115
14532.0,2912.93,7,2010-10-24 12:24:00,47
14533.0,1516.65,4,2010-10-28 16:42:00,43
14534.0,1787.41,8,2010-11-07 10:44:00,33
14535.0,3107.05,6,2010-11-09 16:03:00,31
14537.0,285.84000000000003,1,2010-03-26 13:44:00,259
14538.0,982.59,3,2010-06-27 10:23:00,166
14540.0,2756.98,8,2010-11-25 10:51:00,15
14541.0,1038.03,6,2010-10-19 15:07:00,52
14544.0,934.23,1,2010-08-26 16:00:00,106
14545.0,349.25,1,2010-02-03 15:23:00,310
14546.0,2610.91,6,2010-11-28 12:15:00,12
14548.0,1888.49,7,2010-08-12 15:48:00,120
14549.0,624.36,3,2010-10-15 08:26:00,56
14550.0,587.69,2,2010-11-16 14:05:00,24
14551.0,691.86,5,2010-10-24 14:45:00,47
14552.0,343.71,2,2010-11-24 12:36:00,16
14553.0,959.33,4,2010-10-24 12:00:00,47
14555.0,1991.49,4,2010-11-23 11:35:00,17
14556.0,815.69,3,2010-04-22 14:57:00,232
14558.0,655.5,3,2010-02-23 12:51:00,290
14559.0,75.6,1,2010-11-14 16:05:00,26
14562.0,1631.38,8,2010-11-14 11:10:00,26
14563.0,625.42,2,2010-07-18 12:01:00,145
14564.0,2605.62,2,2010-10-01 09:02:00,70
14565.0,760.1,1,2010-08-23 09:48:00,109
14566.0,2660.0,3,2010-10-18 14:57:00,53
14568.0,919.7,1,2010-09-30 17:15:00,71
14569.0,369.94,3,2010-09-13 10:51:00,88
14570.0,295.19,1,2010-09-22 13:07:00,79
14571.0,160.0,1,2010-10-10 15:06:00,61
14572.0,2716.44,4,2010-10-18 17:11:00,53
14573.0,925.3,5,2010-12-02 19:59:00,8
14574.0,143.70000000000002,1,2009-12-07 12:42:00,368
14575.0,420.22,1,2010-08-08 14:51:00,124
14576.0,35.400000000000006,1,2010-12-02 17:51:00,8
14577.0,504.44,3,2010-11-10 12:19:00,30
14579.0,105.56,1,2010-10-03 14:36:00,68
14580.0,14.850000000000001,1,2010-07-09 15:20:00,154
14581.0,271.05,1,2010-06-13 15:48:00,180
14583.0,673.33,3,2010-11-21 15:28:00,19
14584.0,705.1,4,2010-10-14 13:48:00,57
14585.0,986.22,4,2010-11-22 12:44:00,18
14588.0,135.39,1,2010-05-10 15:08:00,214
14589.0,39.75,1,2010-12-03 11:42:00,7
14593.0,3040.88,9,2010-11-07 12:51:00,33
14594.0,255.0,1,2010-12-01 13:54:00,9
14595.0,423.85,2,2010-09-12 12:47:00,89
14596.0,222.22000000000003,1,2010-03-23 12:13:00,262
14597.0,1318.3899999999999,4,2010-11-25 13:38:00,15
14598.0,162.07,1,2010-05-19 13:07:00,205
14599.0,457.89,2,2010-11-14 14:49:00,26
14600.0,471.84000000000003,1,2010-11-11 15:56:00,29
14602.0,205.35999999999999,1,2010-02-21 15:47:00,292
14604.0,136.35999999999999,1,2010-03-16 13:00:00,269
14605.0,920.71,4,2010-11-30 14:07:00,10
14608.0,1557.79,6,2010-11-25 15:52:00,15
14609.0,884.64,6,2010-11-14 10:14:00,26
14610.0,24.35,2,2010-11-09 10:58:00,31
14611.0,604.3299999999999,2,2010-09-22 09:19:00,79
14612.0,877.7,1,2010-10-20 16:01:00,51
14613.0,76.32000000000001,1,2010-01-28 13:02:00,316
14614.0,295.13,1,2010-11-18 13:04:00,22
14615.0,951.76,5,2010-11-10 13:36:00,30
14616.0,121.7,2,2010-11-19 16:33:00,21
14617.0,190.47000000000003,2,2010-11-02 11:41:00,38
14618.0,788.88,4,2010-11-28 10:24:00,12
14619.0,896.8000000000001,1,2010-06-16 14:41:00,177
14621.0,1212.21,4,2010-07-16 07:50:00,147
14623.0,1130.28,5,2010-11-24 15:26:00,16
14624.0,588.22,4,2010-10-20 15:16:00,51
14625.0,3598.25,9,2010-11-30 12:33:00,10
14626.0,2619.65,7,2010-11-09 09:23:00,31
14627.0,462.75,1,2010-11-25 16:32:00,15
14628.0,1326.04,3,2010-09-23 18:24:00,78
14630.0,338.65,1,2010-08-12 16:38:00,120
14631.0,1018.71,3,2010-11-18 10:37:00,22
14634.0,2124.46,4,2010-09-28 10:40:00,73
14635.0,215.22,1,2010-09-12 10:47:00,89
14637.0,106.67999999999999,1,2010-01-31 15:52:00,313
14639.0,1994.47,3,2010-10-27 13:47:00,44
14640.0,1541.98,4,2010-10-26 09:45:00,45
14643.0,986.08,3,2010-04-01 08:33:00,253
14644.0,1416.96,5,2010-10-21 10:10:00,50
14645.0,279.8,1,2010-03-15 11:33:00,270
14647.0,270.0,1,2010-07-04 13:27:00,159
14649.0,2248.6,5,2010-11-22 13:59:00,18
14650.0,62.5,1,2010-04-29 20:27:00,224
14651.0,1371.77,7,2010-11-10 16:05:00,30
14653.0,1488.1,4,2010-07-14 12:19:00,149
14654.0,246.86,1,2009-12-01 12:57:00,374
14655.0,1946.28,3,2010-11-16 12:28:00,24
14656.0,498.95,3,2010-10-20 13:26:00,51
14657.0,601.97,2,2010-10-06 15:33:00,65
14662.0,635.06,3,2010-10-08 13:31:00,63
14663.0,490.6,2,2010-10-05 13:21:00,66
14665.0,913.95,2,2010-10-08 14:40:00,63
14668.0,111.63,1,2010-09-20 15:03:00,81
14669.0,1957.54,4,2010-03-16 09:39:00,269
14670.0,190.47,1,2009-12-07 13:59:00,368
14671.0,1127.45,2,2010-06-08 13:39:00,185
14672.0,347.59,2,2010-07-12 10:23:00,151
14673.0,1674.41,3,2010-12-07 12:49:00,3
14674.0,173.66,1,2010-07-18 14:25:00,145
14675.0,419.22,1,2010-11-16 12:22:00,24
14677.0,184.91,1,2010-04-26 09:48:00,228
14678.0,403.39,1,2010-05-09 14:32:00,215
14679.0,1289.44,3,2010-11-23 11:51:00,17
14681.0,376.20000000000005,3,2010-11-17 15:42:00,23
14682.0,1462.81,4,2010-10-07 09:53:00,64
14683.0,146.56,1,2010-04-30 17:18:00,224
14684.0,228.52,1,2010-11-14 14:07:00,26
14686.0,852.53,5,2010-10-21 18:31:00,50
14687.0,773.6800000000001,2,2010-11-04 18:56:00,36
14688.0,2056.3,8,2010-12-01 09:37:00,9
14690.0,422.63,2,2010-11-12 14:51:00,28
14692.0,1123.59,8,2010-11-24 12:40:00,16
14693.0,992.46,6,2010-10-10 13:26:00,61
14694.0,244.31,1,2010-04-01 19:46:00,253
14695.0,1534.22,3,2010-07-08 14:18:00,155
14696.0,688.95,2,2010-12-01 15:37:00,9
14699.0,593.47,3,2010-09-30 15:14:00,71
14700.0,880.96,2,2010-10-20 12:26:00,51
14701.0,1961.02,6,2010-09-23 11:46:00,78
14704.0,258.96,2,2010-10-11 11:53:00,60
14706.0,367.54,1,2010-03-31 11:09:00,254
14707.0,139.2,2,2010-09-30 11:37:00,71
14708.0,1085.91,3,2010-12-06 12:23:00,4
14710.0,1300.31,9,2010-11-25 13:29:00,15
14712.0,411.0,1,2010-10-17 14:49:00,54
14713.0,2752.11,11,2010-12-09 18:58:00,1
14714.0,746.05,3,2010-10-28 17:46:00,43
14715.0,942.17,4,2010-09-23 13:04:00,78
14716.0,235.77,1,2010-09-21 12:07:00,80
14717.0,81.3,1,2009-12-06 13:05:00,369
14718.0,226.42,1,2010-10-25 13:07:00,46
14721.0,109.07,1,2010-11-25 13:08:00,15
14722.0,309.1,2,2010-08-19 14:34:00,113
14723.0,926.19,7,2010-12-03 14:26:00,7
14724.0,341.9,1,2010-04-28 13:26:00,226
14725.0,591.28,3,2010-11-10 11:47:00,30
14726.0,116.5,1,2010-02-23 12:35:00,290
14727.0,192.45,2,2010-06-11 13:30:00,182
14728.0,190.58,1,2010-10-22 15:57:00,49
14729.0,586.24,3,2010-12-01 12:43:00,9
14732.0,2814.58,11,2010-11-12 16:42:00,28
14734.0,1056.42,4,2010-10-10 12:04:00,61
14736.0,374.05,2,2010-08-11 15:21:00,121
14737.0,2389.62,1,2010-11-04 11:29:00,36
14738.0,507.45,2,2010-05-27 20:31:00,196
14740.0,2712.85,8,2010-10-26 09:47:00,45
14741.0,497.25,2,2010-12-02 08:43:00,8
14742.0,579.85,1,2010-09-30 14:07:00,71
14743.0,50.48,1,2010-04-26 10:26:00,228
14744.0,2785.1,8,2010-12-08 10:21:00,2
14745.0,1331.15,7,2010-07-26 13:07:00,137
14746.0,593.5,4,2010-10-29 14:44:00,42
14748.0,1736.57,7,2010-12-06 10:24:00,4
14749.0,310.15,1,2010-08-17 12:36:00,115
14750.0,112.03,1,2009-12-03 17:57:00,372
14751.0,126.45,2,2010-01-24 13:37:00,320
14753.0,306.36,1,2010-09-05 11:04:00,96
14754.0,909.88,4,2010-10-10 10:22:00,61
14756.0,1864.8,2,2010-11-22 09:22:00,18
14758.0,1380.9099999999999,3,2010-11-08 09:42:00,32
14761.0,192.02,1,2010-09-21 14:22:00,80
14762.0,117.05000000000001,1,2010-03-23 15:36:00,262
14767.0,382.81,1,2010-08-22 14:54:00,110
14770.0,2761.2200000000003,6,2010-08-29 10:45:00,103
14771.0,594.62,2,2010-03-28 12:52:00,257
14773.0,140.55,1,2010-04-26 10:29:00,228
14774.0,241.45,1,2010-06-29 12:26:00,164
14775.0,406.56,1,2010-12-02 16:38:00,8
14776.0,1170.0,4,2010-11-17 09:53:00,23
14777.0,307.56,1,2010-11-01 12:50:00,39
14783.0,307.3,1,2010-02-18 16:16:00,295
14784.0,159.94,1,2010-11-15 09:49:00,25
14786.0,90.96,1,2010-06-07 13:42:00,186
14787.0,110.65,1,2010-08-25 14:38:00,107
14788.0,476.88,1,2010-04-22 18:16:00,232
14790.0,1781.56,6,2010-11-30 17:45:00,10
14791.0,303.63,1,2010-04-12 10:24:00,242
14793.0,396.91,1,2010-06-22 16:54:00,171
14794.0,633.99,3,2010-11-02 09:06:00,38
14796.0,2865.05,11,2010-12-08 10:40:00,2
14797.0,300.31,1,2010-07-20 14:07:00,143
14798.0,550.5699999999999,5,2010-11-23 15:59:00,17
14799.0,180.45,1,2009-12-02 11:18:00,373
14800.0,3404.13,6,2010-12-05 11:10:00,5
14805.0,536.15,3,2010-10-31 14:50:00,40
14806.0,110.03999999999999,1,2010-09-26 15:50:00,75
14807.0,504.14,2,2010-11-14 12:47:00,26
14809.0,686.76,2,2010-03-28 15:44:00,257
14810.0,446.59,3,2010-12-05 12:08:00,5
14811.0,170.5,1,2010-11-17 13:09:00,23
14812.0,178.85,1,2010-04-20 12:13:00,234
14813.0,888.91,4,2010-12-05 11:57:00,5
14814.0,152.96,1,2010-05-07 14:10:00,217
14817.0,2599.52,5,2010-11-09 12:15:00,31
14818.0,495.76,3,2010-09-07 14:16:00,94
14819.0,184.34,2,2010-08-02 17:19:00,130
14820.0,767.47,5,2010-11-24 17:15:00,16
14821.0,1230.15,7,2010-12-08 08:43:00,2
14822.0,157.70000000000002,1,2010-08-11 12:52:00,121
14824.0,2895.2000000000003,6,2010-11-25 12:40:00,15
14826.0,385.2,2,2010-05-07 09:00:00,217
14829.0,995.29,4,2010-12-02 16:12:00,8
14831.0,1676.57,3,2010-01-28 14:31:00,316
14833.0,94.8,1,2010-07-29 10:06:00,134
14834.0,485.86,1,2010-10-28 17:37:00,43
14835.0,297.0,2,2010-06-29 10:08:00,164
14837.0,1810.82,5,2010-09-23 09:11:00,78
14838.0,769.9200000000001,2,2010-10-12 15:46:00,59
14839.0,915.28,3,2010-10-17 13:01:00,54
14840.0,299.86,1,2010-06-18 15:42:00,175
14843.0,211.79999999999998,1,2010-09-29 12:39:00,72
14844.0,3512.62,6,2010-10-05 11:54:00,66
14845.0,150.0,1,2010-04-19 10:19:00,235
14846.0,437.4,1,2010-10-08 17:07:00,63
14847.0,1039.55,2,2010-10-28 09:45:00,43
14848.0,310.56,1,2010-10-31 12:22:00,40
14850.0,1445.21,6,2010-10-18 15:52:00,53
14851.0,318.06,1,2010-03-19 11:52:00,266
14853.0,901.0699999999999,3,2010-10-12 17:17:00,59
14854.0,1563.03,4,2010-11-14 14:37:00,26
14857.0,2478.731,5,2010-09-23 14:09:00,78
14858.0,180.75,1,2010-07-22 10:51:00,141
14859.0,351.9,1,2010-06-03 10:26:00,190
14861.0,1254.94,9,2010-11-24 11:18:00,16
14865.0,77.52000000000001,3,2010-12-02 18:23:00,8
14868.0,1230.42,4,2010-11-24 13:53:00,16
14869.0,2056.69,4,2010-11-16 14:09:00,24
14870.0,1511.7,5,2010-10-22 14:58:00,49
14871.0,726.89,5,2010-08-03 14:18:00,129
14872.0,816.6,3,2010-08-13 12:34:00,119
14873.0,334.45,1,2010-03-16 10:51:00,269
14874.0,116.18,1,2010-06-22 14:58:00,171
14875.0,1397.08,1,2010-09-24 10:29:00,77
14876.0,256.7,2,2010-07-06 14:57:00,157
14877.0,425.85,2,2010-10-17 13:09:00,54
14879.0,185.06,1,2010-01-24 11:35:00,320
14884.0,120.6,1,2010-02-08 12:56:00,305
14885.0,832.8,2,2010-10-08 12:08:00,63
14890.0,691.6,2,2010-03-31 09:40:00,254
14891.0,552.35,2,2010-10-19 12:10:00,52
14892.0,202.35000000000002,1,2010-01-18 08:58:00,326
14893.0,571.76,1,2010-04-01 09:03:00,253
14894.0,837.0600000000001,2,2010-09-22 15:23:00,79
14896.0,1614.45,7,2010-12-09 12:24:00,1
14897.0,1774.16,4,2010-10-26 11:17:00,45
14898.0,2195.14,9,2010-12-03 15:25:00,7
14899.0,1331.38,1,2010-11-09 15:20:00,31
14900.0,13.919999999999998,1,2010-07-05 15:09:00,158
14901.0,860.11,5,2010-12-08 10:46:00,2
14902.0,702.96,2,2010-11-09 10:29:00,31
14904.0,605.05,2,2010-10-27 15:40:00,44
14905.0,1355.24,6,2010-11-30 11:07:00,10
14907.0,2664.69,10,2010-12-07 10:14:00,3
14908.0,104.10000000000001,1,2010-09-02 16:39:00,99
14909.0,1404.68,3,2010-09-28 16:56:00,73
14912.0,981.7299999999999,3,2010-11-03 09:51:00,37
14913.0,2845.7,4,2010-11-16 16:50:00,24
14915.0,1503.77,9,2010-11-29 08:23:00,11
14916.0,1773.97,4,2010-10-04 14:33:00,67
14917.0,1123.75,2,2010-04-22 11:28:00,232
14919.0,359.35,1,2010-06-18 13:06:00,175
14920.0,629.4,1,2010-05-23 15:25:00,201
14922.0,843.74,2,2010-11-11 11:14:00,29
14924.0,620.96,2,2010-04-08 15:40:00,246
14926.0,359.4,2,2010-11-23 07:13:00,17
14927.0,308.2,1,2010-11-08 12:30:00,32
14928.0,223.91000000000003,1,2010-03-22 09:14:00,263
14929.0,612.8100000000001,1,2010-10-14 12:22:00,57
14930.0,2873.77,3,2010-08-26 11:43:00,106
14932.0,566.13,2,2010-12-09 11:48:00,1
14933.0,1770.0,4,2010-09-22 10:47:00,79
14934.0,1512.56,3,2010-11-26 11:24:00,14
14935.0,1065.12,1,2010-03-30 11:48:00,255
14938.0,2322.43,2,2010-05-26 13:38:00,198
14940.0,531.49,2,2010-10-18 10:47:00,53
14941.0,182.1,1,2010-05-10 11:30:00,214
14942.0,746.56,4,2010-11-03 10:51:00,37
14943.0,107.62,1,2010-02-14 16:04:00,299
14944.0,3784.42,7,2010-11-15 10:46:00,25
14945.0,179.4,1,2010-10-22 11:26:00,49
14947.0,758.97,4,2010-11-16 18:30:00,24
14949.0,515.0,4,2010-08-27 15:38:00,105
14953.0,683.15,3,2010-10-17 12:52:00,54
14954.0,167.27,1,2010-01-05 16:38:00,339
14955.0,163.77,1,2009-12-07 11:35:00,368
14956.0,1325.0,1,2010-10-14 16:40:00,57
14957.0,203.2,1,2010-03-05 10:50:00,280
14958.0,458.26,3,2010-04-23 14:31:00,231
14962.0,240.21000000000004,3,2010-06-18 15:57:00,175
14963.0,1651.23,7,2010-11-25 11:19:00,15
14966.0,881.24,5,2010-11-17 13:14:00,23
14967.0,1518.81,5,2010-09-24 11:11:00,77
14968.0,349.9,1,2010-09-07 13:28:00,94
14969.0,906.23,1,2010-01-05 12:43:00,339
14970.0,3327.29,8,2010-10-26 16:35:00,45
14972.0,30.300000000000004,1,2010-11-23 16:17:00,17
14975.0,192.45,1,2010-10-14 14:11:00,57
14977.0,31.929999999999996,1,2009-12-14 10:37:00,361
14978.0,1190.82,5,2010-10-05 13:52:00,66
14979.0,429.66,1,2009-12-04 12:54:00,371
14980.0,150.68,1,2009-12-02 14:09:00,373
14981.0,270.8,1,2010-10-12 11:04:00,59
14982.0,234.88,1,2010-05-16 15:52:00,208
14983.0,183.20000000000002,1,2010-01-19 17:32:00,325
14984.0,1058.1399999999999,4,2010-11-16 10:36:00,24
14986.0,563.1,2,2010-11-28 15:25:00,12
14987.0,1387.4499999999998,7,2010-12-09 12:13:00,1
14988.0,1704.11,6,2010-11-24 12:53:00,16
14989.0,342.4,1,2010-02-16 10:40:00,297
14990.0,304.17,2,2010-04-06 13:54:00,248
14991.0,314.67,1,2010-10-05 13:01:00,66
14992.0,210.5,1,2010-09-23 17:48:00,78
14993.0,36.13,1,2010-05-25 12:47:00,199
14994.0,942.77,5,2010-11-22 12:59:00,18
14996.0,442.28999999999996,2,2010-08-15 13:44:00,117
14997.0,230.4,1,2010-02-22 12:11:00,291
14998.0,338.31,2,2010-10-07 18:48:00,64
14999.0,129.48000000000002,1,2010-04-26 10:47:00,228
15001.0,197.10999999999999,2,2010-11-10 13:51:00,30
15002.0,3127.9700000000003,6,2010-12-07 13:16:00,3
15003.0,1027.03,6,2010-08-23 15:44:00,109
15006.0,277.4,1,2010-09-12 13:03:00,89
15008.0,360.0,2,2010-08-16 13:09:00,116
15011.0,416.6,2,2010-11-09 11:10:00,31
15012.0,429.78,2,2010-12-01 12:49:00,9
15013.0,1610.82,10,2010-08-09 12:05:00,123
15016.0,450.85,4,2010-11-11 16:30:00,29
15018.0,111.25,1,2010-12-07 10:47:00,3
15020.0,198.47,1,2010-11-25 13:29:00,15
15021.0,826.91,4,2010-12-08 12:17:00,2
15022.0,281.05,1,2010-01-31 16:02:00,313
15024.0,2414.18,8,2010-12-07 17:05:00,3
15025.0,609.88,1,2010-05-20 13:28:00,204
15026.0,579.89,2,2010-11-29 13:50:00,11
15027.0,2129.45,6,2010-11-09 16:53:00,31
15028.0,521.78,3,2010-12-06 12:47:00,4
15029.0,365.1,1,2010-03-30 12:16:00,255
15030.0,1461.63,6,2010-11-24 14:57:00,16
15031.0,2449.75,10,2010-11-10 16:14:00,30
15037.0,397.76,2,2010-11-28 13:05:00,12
15038.0,579.67,4,2010-12-05 10:54:00,5
15040.0,7.49,1,2010-06-16 11:40:00,177
15041.0,109.05,1,2010-09-21 13:16:00,80
15042.0,179.52,1,2010-04-23 14:01:00,231
15043.0,2318.3199999999997,5,2010-09-02 15:09:00,99
15046.0,2533.37,10,2010-10-10 12:09:00,61
15048.0,98.7,1,2010-12-06 12:15:00,4
15050.0,2349.5,2,2010-10-14 14:18:00,57
15051.0,2543.55,6,2010-11-25 16:46:00,15
15055.0,549.12,3,2010-08-22 11:06:00,110
15056.0,113.64999999999999,1,2010-07-07 15:58:00,156
15057.0,1766.46,3,2010-09-22 14:22:00,79
15058.0,1285.04,5,2010-11-28 10:42:00,12
15059.0,2152.68,10,2010-11-28 11:14:00,12
15062.0,1597.76,4,2010-10-12 10:38:00,59
15064.0,1154.41,4,2010-10-25 14:32:00,46
15065.0,168.73,1,2010-10-25 09:13:00,46
15067.0,2118.12,2,2010-10-22 14:30:00,49
15068.0,621.54,2,2010-10-17 16:08:00,54
15070.0,737.0500000000001,3,2010-12-02 11:23:00,8
15071.0,473.49,2,2010-11-18 13:30:00,22
15072.0,187.51999999999998,1,2010-08-17 15:46:00,115
15073.0,1744.61,5,2010-11-04 10:26:00,36
15074.0,817.46,2,2010-10-06 15:49:00,65
15076.0,566.89,2,2010-08-04 13:37:00,128
15077.0,2428.08,2,2010-08-02 11:13:00,130
15079.0,2871.74,8,2010-12-09 09:25:00,1
15080.0,546.25,2,2010-10-08 11:52:00,63
15081.0,1460.92,8,2010-12-07 16:20:00,3
15082.0,93.35000000000001,1,2010-02-09 10:23:00,304
15084.0,965.2,2,2010-11-25 11:58:00,15
15085.0,347.54,1,2009-12-10 11:47:00,365
15086.0,218.53,2,2010-05-24 12:27:00,200
15091.0,565.9,2,2010-02-03 11:50:00,310
15092.0,318.65,1,2010-09-03 12:33:00,98
15094.0,83.0,2,2010-09-02 16:55:00,99
15095.0,1771.04,6,2010-10-15 11:47:00,56
15097.0,660.27,2,2010-05-05 14:33:00,219
15100.0,2018.6999999999998,6,2010-12-08 12:09:00,2
15101.0,1160.41,4,2010-07-12 10:46:00,151
15102.0,554.67,2,2010-06-27 12:16:00,166
15105.0,795.98,2,2010-10-05 14:12:00,66
15107.0,620.85,4,2010-12-02 13:45:00,8
15109.0,498.15000000000003,2,2010-05-09 13:44:00,215
15110.0,509.75,2,2010-11-01 10:31:00,39
15111.0,1163.39,3,2010-12-02 11:45:00,8
15112.0,209.4,1,2010-04-07 14:17:00,247
15114.0,639.56,2,2010-11-21 16:14:00,19
15115.0,191.74,1,2009-12-07 11:20:00,368
15117.0,934.19,3,2010-09-17 14:45:00,84
15122.0,2853.4900000000002,8,2010-10-13 09:42:00,58
15123.0,2456.86,3,2010-10-14 16:30:00,57
15124.0,266.63,2,2010-08-20 12:31:00,112
15126.0,449.49,2,2010-06-21 12:31:00,172
15127.0,304.97,1,2010-07-08 10:07:00,155
15128.0,312.68,1,2010-10-05 16:46:00,66
15131.0,80.28,1,2010-11-10 12:07:00,30
15133.0,824.48,2,2010-11-22 15:16:00,18
15134.0,208.3,2,2010-11-23 14:59:00,17
15135.0,166.63,1,2010-06-01 13:33:00,192
15137.0,823.4,2,2010-07-07 09:41:00,156
15138.0,502.52,1,2010-11-11 09:16:00,29
15140.0,889.44,1,2010-09-23 13:07:00,78
15141.0,1388.47,7,2010-09-08 11:33:00,93
15142.0,2121.18,5,2010-10-25 15:36:00,46
15143.0,304.18,1,2010-10-03 13:58:00,68
15149.0,1003.8100000000001,3,2010-05-11 13:51:00,213
15150.0,3686.61,3,2010-09-09 17:19:00,92
15151.0,2085.61,2,2010-10-12 16:37:00,59
15152.0,518.14,1,2010-01-07 15:15:00,337
15154.0,1089.44,2,2010-08-18 17:43:00,114
15155.0,383.96999999999997,1,2010-11-21 12:59:00,19
15157.0,718.04,2,2010-05-19 13:29:00,205
15158.0,204.62,1,2010-11-03 13:46:00,37
15159.0,3475.7200000000003,4,2010-11-09 11:11:00,31
15160.0,431.11,3,2010-11-30 15:41:00,10
15161.0,119.92,1,2010-11-16 16:08:00,24
15162.0,312.9,1,2009-12-08 13:14:00,367
15164.0,1203.53,6,2010-11-15 17:11:00,25
15165.0,487.75,1,2010-12-01 14:03:00,9
15166.0,167.16,1,2010-08-29 12:31:00,103
15167.0,1468.82,4,2010-10-28 14:19:00,43
15169.0,569.22,2,2010-11-22 13:04:00,18
15170.0,81.15,1,2010-10-29 10:34:00,42
15173.0,1494.6,7,2010-11-24 10:21:00,16
15174.0,345.71,1,2010-10-25 09:40:00,46
15176.0,988.04,1,2010-02-10 10:36:00,303
15177.0,948.93,1,2010-10-10 12:48:00,61
15180.0,816.9300000000001,3,2010-12-07 14:57:00,3
15181.0,510.72,2,2010-10-15 11:47:00,56
15182.0,2376.1020000000003,9,2010-11-19 10:31:00,21
15183.0,639.93,3,2010-06-10 10:43:00,183
15184.0,283.19,2,2010-11-17 12:41:00,23
15186.0,991.7900000000001,3,2010-08-22 15:00:00,110
15188.0,310.43,1,2009-12-14 13:30:00,361
15189.0,1298.99,5,2010-11-23 18:47:00,17
15190.0,834.4399999999999,1,2010-10-01 13:09:00,70
15191.0,588.05,3,2010-09-02 15:37:00,99
15192.0,937.07,3,2010-12-09 14:56:00,1
15196.0,313.7,2,2010-10-03 10:50:00,68
15197.0,797.9,3,2010-11-10 11:55:00,30
15198.0,377.71,3,2010-10-27 10:32:00,44
15199.0,1853.7,6,2010-11-30 10:56:00,10
15200.0,549.05,1,2010-08-02 09:38:00,130
15201.0,606.4100000000001,2,2010-09-26 10:50:00,75
15203.0,2572.38,9,2010-11-14 12:14:00,26
15207.0,683.9200000000001,3,2010-10-19 13:29:00,52
15208.0,100.4,1,2010-10-12 12:17:00,59
15209.0,178.98000000000002,1,2009-12-09 17:26:00,366
15210.0,845.01,2,2010-11-26 09:09:00,14
15211.0,383.07,1,2010-12-09 16:08:00,1
15212.0,106.47999999999999,1,2010-11-28 10:45:00,12
15215.0,1687.49,4,2010-11-11 10:50:00,29
15216.0,389.49,1,2010-03-31 09:52:00,254
15217.0,426.24,1,2010-05-25 13:51:00,199
15219.0,379.7,1,2010-03-01 11:33:00,284
15221.0,2062.2000000000003,4,2010-12-08 13:08:00,2
15222.0,2965.91,10,2010-08-24 10:39:00,108
15223.0,662.2,3,2010-04-09 11:34:00,245
15224.0,549.28,3,2010-07-15 09:08:00,148
15227.0,1269.0900000000001,4,2010-11-08 13:31:00,32
15228.0,2193.56,2,2010-10-07 14:24:00,64
15229.0,160.5,1,2010-05-02 13:50:00,222
15231.0,250.26,1,2010-03-28 15:12:00,257
15233.0,59.400000000000006,1,2010-11-03 13:36:00,37
15235.0,690.3000000000001,6,2010-12-05 15:02:00,5
15240.0,2753.41,7,2010-11-30 11:51:00,10
15241.0,1293.72,3,2010-10-05 08:50:00,66
15242.0,302.04,1,2010-10-13 15:33:00,58
15243.0,610.6,1,2010-09-30 17:28:00,71
15244.0,280.51,1,2010-02-11 14:48:00,302
15245.0,2095.0,5,2010-11-02 12:58:00,38
15246.0,266.25,1,2010-06-02 11:28:00,191
15247.0,620.06,2,2010-08-19 10:13:00,113
15248.0,1893.93,3,2010-10-24 13:09:00,47
15249.0,2577.54,5,2010-10-05 16:34:00,66
15250.0,60.0,1,2010-03-09 07:35:00,276
15252.0,1362.63,3,2010-10-14 12:05:00,57
15253.0,1136.89,3,2010-11-01 13:46:00,39
15254.0,787.99,2,2010-06-11 10:30:00,182
15255.0,2815.17,8,2010-11-08 15:12:00,32
15256.0,71.95,1,2010-05-27 11:41:00,197
15257.0,368.75,1,2010-10-21 14:03:00,50
15259.0,1182.3799999999999,4,2010-07-15 08:47:00,148
15261.0,1253.18,3,2010-11-23 09:13:00,17
15262.0,239.87,2,2010-11-24 13:21:00,16
15264.0,454.66,1,2010-06-27 13:29:00,166
15265.0,1839.52,2,2010-04-14 11:20:00,240
15266.0,732.91,4,2010-11-25 16:36:00,15
15268.0,961.9000000000001,3,2010-08-18 10:33:00,114
15269.0,816.56,2,2010-11-24 15:32:00,16
15271.0,2146.95,10,2010-12-09 13:47:00,1
15272.0,1309.01,4,2010-09-15 17:07:00,86
15273.0,228.96,1,2010-04-19 11:31:00,235
15276.0,491.17,3,2010-11-10 16:07:00,30
15277.0,220.44,1,2010-10-10 16:02:00,61
15278.0,496.15999999999997,4,2010-05-27 10:03:00,197
15279.0,1290.03,4,2010-11-24 13:03:00,16
15280.0,284.4,2,2010-08-08 12:21:00,124
15282.0,348.59,1,2010-05-18 16:27:00,206
15283.0,148.33,3,2010-11-14 14:54:00,26
15284.0,24.75,1,2010-07-27 13:25:00,136
15285.0,94.92,1,2010-10-28 09:46:00,43
15287.0,369.34000000000003,3,2010-11-25 10:29:00,15
15288.0,1565.66,6,2010-12-09 13:59:00,1
15289.0,653.3100000000001,2,2010-09-07 12:38:00,94
15290.0,2553.06,8,2010-11-11 12:04:00,29
15293.0,247.5,1,2010-02-12 11:54:00,301
15294.0,233.35,1,2010-10-25 11:45:00,46
15295.0,207.04,1,2010-02-23 13:03:00,290
15299.0,3484.5299999999997,6,2010-12-02 16:51:00,8
15301.0,2533.09,6,2010-12-06 12:21:00,4
15302.0,308.0,1,2009-12-09 13:11:00,366
15303.0,650.16,2,2010-05-23 12:14:00,201
15304.0,225.15,2,2010-12-06 11:42:00,4
15305.0,93.6,1,2010-06-02 13:50:00,191
15306.0,2310.38,6,2010-07-27 14:39:00,136
15309.0,797.96,4,2010-04-08 11:11:00,246
15310.0,1634.64,1,2010-08-18 11:38:00,114
15312.0,2005.3400000000001,8,2010-11-21 15:10:00,19
15314.0,492.47999999999996,2,2010-10-22 12:19:00,49
15317.0,129.75,1,2010-01-31 15:55:00,313
15322.0,711.18,1,2010-08-20 13:10:00,112
15323.0,434.6,3,2010-05-26 10:01:00,198
15324.0,140.22000000000003,1,2010-01-07 14:37:00,337
15325.0,1439.72,7,2010-11-09 13:14:00,31
15326.0,1388.81,4,2010-04-09 15:22:00,245
15328.0,107.24,1,2010-10-28 09:05:00,43
15329.0,1909.13,8,2010-11-30 11:24:00,10
15331.0,767.91,3,2010-07-28 09:42:00,135
15336.0,240.5,1,2010-11-03 12:39:00,37
15337.0,373.02,1,2010-10-24 15:29:00,47
15338.0,277.93,1,2010-01-31 14:25:00,313
15339.0,1246.95,5,2010-10-14 14:04:00,57
15340.0,105.5,1,2010-05-27 10:27:00,197
15341.0,382.2,1,2010-09-16 16:41:00,85
15346.0,343.7,2,2010-10-10 13:55:00,61
15347.0,1162.0,4,2010-12-08 15:25:00,2
15350.0,547.6,2,2010-12-01 13:33:00,9
15351.0,1770.23,4,2010-12-05 11:49:00,5
15352.0,111.15,1,2010-06-09 11:28:00,184
15353.0,2336.0,6,2010-12-07 11:49:00,3
15356.0,664.66,4,2010-12-06 14:05:00,4
15359.0,181.35,8,2010-02-15 10:47:00,298
15361.0,270.15000000000003,3,2010-07-01 14:15:00,162
15362.0,613.08,2,2010-09-17 10:37:00,84
15363.0,678.11,2,2010-12-02 12:28:00,8
15365.0,2242.81,6,2010-11-01 10:44:00,39
15366.0,1786.57,5,2010-10-26 09:52:00,45
15367.0,3203.74,7,2010-10-17 15:05:00,54
15368.0,275.8,1,2010-11-10 15:52:00,30
15370.0,1352.96,1,2010-10-25 12:08:00,46
15371.0,59.400000000000006,1,2010-02-15 13:14:00,298
15373.0,1002.9300000000001,6,2010-12-03 14:40:00,7
15374.0,139.32,1,2010-03-25 12:03:00,260
15375.0,60.959999999999994,1,2010-01-18 15:38:00,326
15377.0,1211.75,4,2010-11-22 08:55:00,18
15378.0,246.5,2,2010-09-03 11:30:00,98
15379.0,1174.55,1,2010-11-04 11:59:00,36
15380.0,1788.8,7,2010-12-09 15:01:00,1
15381.0,1293.72,3,2010-10-12 13:32:00,59
15384.0,1385.38,2,2010-11-23 12:04:00,17
15385.0,625.2,2,2010-11-12 12:28:00,28
15387.0,468.65,1,2010-08-04 16:05:00,128
15389.0,2233.8,4,2010-11-04 19:23:00,36
15390.0,1216.66,2,2010-11-08 15:19:00,32
15391.0,289.87,1,2010-05-04 15:04:00,220
15392.0,1376.0900000000001,3,2010-11-30 09:50:00,10
15393.0,659.48,3,2010-05-21 11:34:00,203
15394.0,3103.26,7,2010-11-09 12:26:00,31
15396.0,508.20000000000005,1,2010-05-05 09:04:00,219
15400.0,586.1,3,2010-10-15 12:00:00,56
15401.0,216.95000000000002,2,2010-09-13 13:42:00,88
15402.0,1203.77,4,2010-11-17 12:58:00,23
15403.0,170.88,2,2010-08-05 12:21:00,127
15404.0,257.06,1,2010-11-29 11:03:00,11
15405.0,310.74,1,2010-05-12 15:56:00,212
15406.0,465.15999999999997,2,2010-09-12 13:10:00,89
15409.0,131.25,1,2009-12-18 15:35:00,357
15410.0,1234.88,2,2010-05-20 09:53:00,204
15416.0,588.5,3,2010-08-18 09:48:00,114
15418.0,449.42,2,2010-10-10 13:38:00,61
15420.0,743.0,6,2010-10-01 15:46:00,70
15421.0,2854.98,6,2010-11-19 13:21:00,21
15422.0,1522.27,5,2010-11-25 17:00:00,15
15423.0,223.39,2,2010-05-07 09:21:00,217
15424.0,214.44,1,2010-09-02 17:17:00,99
15425.0,1941.1200000000001,4,2010-11-04 18:13:00,36
15426.0,1134.85,5,2010-12-05 13:55:00,5
15428.0,668.97,3,2010-11-17 13:46:00,23
15430.0,954.75,2,2010-08-29 10:42:00,103
15431.0,153.24,1,2010-07-25 12:44:00,138
15432.0,149.57,1,2010-06-16 14:34:00,177
15434.0,1525.5800000000002,6,2010-11-30 15:46:00,10
15437.0,193.29000000000002,1,2010-03-09 10:45:00,276
15439.0,1269.05,4,2010-10-31 10:38:00,40
15441.0,1254.21,3,2010-11-08 15:50:00,32
15443.0,1900.64,7,2010-08-22 12:45:00,110
15445.0,171.0,1,2010-04-28 15:00:00,226
15446.0,396.75,3,2010-11-28 11:59:00,12
15447.0,337.71000000000004,4,2010-06-30 13:06:00,163
15448.0,294.17,1,2010-02-03 13:29:00,310
15451.0,226.86,2,2010-10-01 13:40:00,70
15452.0,1256.63,3,2010-11-14 15:14:00,26
15454.0,124.79,1,2010-03-31 13:15:00,254
15455.0,38.25,1,2010-04-21 12:43:00,233
15456.0,1656.93,7,2010-11-01 17:05:00,39
15458.0,208.79999999999998,1,2010-11-02 19:50:00,38
15459.0,202.82999999999998,2,2010-10-18 15:25:00,53
15461.0,429.7,2,2010-09-05 12:31:00,96
15462.0,502.45,1,2010-09-20 10:23:00,81
15466.0,1225.93,3,2010-11-15 12:50:00,25
15468.0,962.97,1,2010-11-12 09:39:00,28
15469.0,335.7,1,2010-09-27 10:09:00,74
15470.0,63.419999999999995,1,2010-05-13 09:35:00,211
15471.0,837.53,2,2010-11-24 14:39:00,16
15473.0,274.8,1,2010-09-21 09:14:00,80
15474.0,150.35,1,2010-04-23 11:14:00,231
15476.0,2209.98,4,2010-11-24 15:17:00,16
15477.0,368.4,1,2010-02-28 10:37:00,285
15478.0,541.06,1,2010-05-13 18:49:00,211
15479.0,147.4,1,2009-12-06 15:08:00,369
15480.0,2686.75,2,2010-08-27 15:14:00,105
15481.0,1993.34,1,2010-11-03 14:52:00,37
15482.0,3537.6,7,2010-11-18 11:02:00,22
15483.0,585.42,6,2010-11-19 13:24:00,21
15484.0,1061.69,2,2010-06-17 16:16:00,176
15485.0,3186.01,5,2010-12-01 13:23:00,9
15486.0,102.0,1,2010-06-30 13:15:00,163
15487.0,231.32,1,2010-01-29 12:07:00,315
15488.0,340.6,4,2010-09-09 11:59:00,92
15489.0,1285.3300000000002,5,2010-11-04 11:48:00,36
15490.0,210.85,1,2010-10-05 13:11:00,66
15493.0,2159.78,4,2010-11-15 12:43:00,25
15494.0,2422.02,3,2010-08-18 16:54:00,114
15495.0,246.5,1,2010-11-25 13:46:00,15
15496.0,146.14000000000001,1,2010-03-18 13:16:00,267
15499.0,158.65,1,2009-12-16 12:17:00,359
15501.0,399.95,2,2010-10-31 11:15:00,40
15502.0,3548.34,5,2010-12-06 14:55:00,4
15503.0,116.26,1,2009-12-13 11:34:00,362
15504.0,338.62,3,2010-07-07 12:02:00,156
15506.0,1058.25,3,2010-11-23 12:48:00,17
15509.0,152.41,1,2010-11-24 14:48:00,16
15512.0,210.58,2,2010-11-14 12:39:00,26
15514.0,2364.56,7,2010-11-25 14:53:00,15
15515.0,171.81,1,2010-11-17 13:39:00,23
15518.0,2268.44,7,2010-11-25 19:36:00,15
15519.0,344.61,2,2010-11-21 14:35:00,19
15524.0,151.4,1,2010-04-12 09:19:00,242
15525.0,430.78,2,2010-12-01 13:17:00,9
15529.0,1116.72,2,2010-12-08 12:24:00,2
15530.0,311.37,1,2010-07-15 11:10:00,148
15532.0,2162.37,6,2010-11-28 15:18:00,12
15534.0,162.25,1,2009-12-14 12:48:00,361
15535.0,541.47,2,2010-10-31 14:09:00,40
15536.0,259.09,1,2010-10-26 16:31:00,45
15538.0,3358.3999999999996,6,2010-06-20 10:49:00,173
15540.0,247.38,1,2010-11-29 11:10:00,11
15542.0,855.71,3,2010-07-15 13:32:00,148
15543.0,114.4,1,2010-09-06 11:28:00,95
15545.0,135.32999999999998,1,2010-12-03 17:28:00,7
15546.0,1079.1000000000001,2,2010-04-12 11:51:00,242
15548.0,158.09,1,2010-04-23 12:20:00,231
15549.0,652.7,5,2010-10-14 16:54:00,57
15550.0,1635.42,8,2010-11-26 11:14:00,14
15551.0,1243.75,6,2010-11-10 14:04:00,30
15552.0,162.4,1,2010-03-26 16:17:00,259
15558.0,202.68,1,2010-03-10 15:25:00,275
15559.0,1109.4,1,2010-05-20 14:06:00,204
15560.0,153.52,2,2010-11-07 10:15:00,33
15561.0,1133.8,4,2010-11-21 10:40:00,19
15562.0,536.88,2,2010-10-11 10:33:00,60
15563.0,1459.02,3,2010-07-13 11:57:00,150
15564.0,70.74000000000001,2,2010-09-02 15:52:00,99
15566.0,227.87,2,2010-11-12 12:11:00,28
15569.0,2207.74,5,2010-11-14 10:46:00,26
15571.0,3241.92,10,2010-11-18 14:25:00,22
15572.0,1431.78,3,2010-11-24 13:16:00,16
15573.0,597.23,3,2010-03-31 13:40:00,254
15574.0,774.84,3,2010-12-02 15:46:00,8
15575.0,30.1,1,2010-03-30 12:50:00,255
15577.0,137.15,2,2009-12-16 14:54:00,359
15579.0,923.03,3,2010-11-21 15:38:00,19
15580.0,1375.39,8,2010-11-28 11:00:00,12
15583.0,95.96,1,2010-11-28 15:04:00,12
15584.0,547.34,2,2010-11-05 11:34:00,35
15586.0,1139.1,3,2010-04-26 11:00:00,228
15587.0,608.4000000000001,3,2010-11-12 12:07:00,28
15588.0,579.6,1,2010-01-31 12:19:00,313
15590.0,1496.6,5,2010-11-22 14:49:00,18
15591.0,217.9,3,2010-05-06 09:23:00,218
15595.0,357.6,1,2010-08-09 12:27:00,123
15596.0,1723.45,5,2010-12-09 16:10:00,1
15597.0,238.8,1,2010-05-13 13:10:00,211
15598.0,307.34,1,2010-10-08 09:20:00,63
15599.0,488.32,1,2010-09-20 10:15:00,81
15600.0,1199.31,4,2010-10-07 14:30:00,64
15602.0,1932.64,8,2010-12-06 15:35:00,4
15603.0,40.0,1,2010-03-01 16:02:00,284
15605.0,738.57,5,2010-12-01 13:38:00,9
15606.0,2310.83,8,2010-11-14 15:27:00,26
15607.0,1604.21,8,2010-06-14 11:55:00,179
15608.0,692.3,1,2010-10-20 10:10:00,51
15613.0,433.71999999999997,1,2010-04-08 12:51:00,246
15614.0,3147.36,4,2010-09-28 10:46:00,73
15616.0,317.11,1,2010-09-27 13:10:00,74
15617.0,828.5500000000001,3,2010-11-08 16:07:00,32
15620.0,389.18,1,2010-10-26 11:32:00,45
15623.0,2136.02,7,2010-11-11 10:19:00,29
15625.0,1702.1399999999999,5,2010-11-28 12:23:00,12
15626.0,391.72,1,2010-10-14 17:16:00,57
15627.0,566.9,2,2010-09-08 14:14:00,93
15628.0,2782.02,9,2010-12-08 09:51:00,2
15629.0,2240.9,4,2010-09-15 13:46:00,86
15630.0,295.05,1,2010-03-05 14:30:00,280
15631.0,596.67,1,2010-03-07 14:52:00,278
15634.0,311.1,1,2010-11-21 15:30:00,19
15635.0,100.35,1,2010-11-09 08:58:00,31
15636.0,719.82,2,2010-09-28 15:10:00,73
15637.0,574.23,4,2010-10-22 08:24:00,49
15638.0,2265.2,6,2010-11-26 11:52:00,14
15639.0,639.76,2,2010-09-14 09:05:00,87
15641.0,3458.35,8,2010-11-08 14:05:00,32
15642.0,105.78000000000002,1,2009-12-10 11:51:00,365
15645.0,443.16,2,2010-10-21 18:36:00,50
15646.0,526.97,3,2010-12-02 16:59:00,8
15647.0,169.0,1,2010-10-20 15:09:00,51
15649.0,1354.35,3,2010-12-07 10:06:00,3
15650.0,553.88,2,2010-07-06 10:41:00,157
15651.0,612.76,2,2010-10-15 13:42:00,56
15652.0,1068.2,4,2010-11-17 15:14:00,23
15658.0,1399.3700000000001,4,2010-12-02 10:53:00,8
15659.0,226.04,2,2010-11-18 10:51:00,22
15660.0,1212.13,7,2010-12-09 09:49:00,1
15661.0,906.15,6,2010-11-25 08:21:00,15
15662.0,283.73,2,2010-02-16 16:47:00,297
15664.0,845.1,3,2010-09-16 18:09:00,85
15665.0,1764.86,3,2010-10-24 14:08:00,47
15666.0,632.9399999999999,2,2010-08-24 16:14:00,108
15670.0,152.15,1,2010-06-01 15:34:00,192
15672.0,45.300000000000004,1,2009-12-14 16:52:00,361
15673.0,3478.09,5,2010-09-14 11:08:00,87
15675.0,218.35,1,2010-10-31 14:14:00,40
15677.0,648.4,2,2010-10-14 15:19:00,57
15678.0,1473.24,2,2010-11-09 14:38:00,31
15680.0,3173.9,8,2010-12-08 14:43:00,2
15681.0,1563.54,9,2010-11-25 15:07:00,15
15682.0,318.24,2,2010-04-19 15:30:00,235
15683.0,330.79,1,2010-08-23 12:01:00,109
15684.0,173.95,3,2010-06-10 18:51:00,183
15685.0,55.980000000000004,1,2010-09-15 13:43:00,86
15686.0,90.0,1,2010-10-15 13:50:00,56
15688.0,190.57,1,2010-10-17 12:06:00,54
15689.0,266.93,1,2010-04-01 09:53:00,253
15691.0,434.5,3,2010-11-10 12:26:00,30
15693.0,37.5,1,2010-02-18 14:37:00,295
15695.0,721.06,2,2010-04-21 10:36:00,233
15696.0,1170.1100000000001,5,2010-10-12 10:24:00,59
15697.0,246.75,1,2010-01-19 09:10:00,325
15698.0,46.2,1,2010-03-25 17:38:00,260
15702.0,112.57000000000001,1,2010-08-20 14:50:00,112
15704.0,1441.04,2,2010-07-25 15:00:00,138
15708.0,969.19,3,2010-12-05 11:12:00,5
15709.0,194.6,1,2010-04-29 18:31:00,225
15710.0,898.87,1,2010-10-18 17:05:00,53
15711.0,420.25,2,2010-06-01 12:14:00,192
15712.0,2400.05,7,2010-11-25 18:04:00,15
15713.0,654.09,3,2010-12-08 15:16:00,2
15714.0,453.93,3,2010-09-12 14:22:00,89
15715.0,658.02,5,2010-06-02 09:56:00,191
15716.0,1911.03,8,2010-12-05 12:26:00,5
15717.0,456.70000000000005,4,2010-10-14 18:02:00,57
15718.0,293.79,1,2010-06-17 16:20:00,176
15720.0,140.49,1,2010-06-07 15:40:00,186
15722.0,3022.79,6,2010-09-20 16:48:00,81
15723.0,740.0,3,2010-10-24 12:44:00,47
15724.0,92.6,1,2010-11-04 10:22:00,36
15726.0,321.91,1,2010-11-14 16:12:00,26
15728.0,544.6,2,2010-11-25 10:39:00,15
15729.0,107.55000000000001,2,2010-11-04 16:07:00,36
15730.0,605.7,2,2010-11-23 10:41:00,17
15731.0,125.3,1,2010-06-04 10:10:00,189
15732.0,1387.95,9,2010-12-02 15:00:00,8
15734.0,923.85,2,2010-09-29 11:40:00,72
15735.0,327.68,1,2010-10-14 13:38:00,57
15736.0,1767.12,2,2010-09-30 14:20:00,71
15741.0,208.62,2,2010-09-07 16:21:00,94
15742.0,156.87,1,2010-03-30 15:25:00,255
15747.0,1553.17,6,2010-11-29 10:50:00,11
15748.0,465.45000000000005,2,2010-09-16 16:55:00,85
15751.0,1380.44,11,2010-09-05 12:44:00,96
15752.0,1557.96,3,2010-12-02 09:43:00,8
15754.0,2579.04,6,2010-08-03 09:15:00,129
15755.0,3628.87,11,2010-11-25 14:25:00,15
15757.0,2225.94,4,2010-11-18 10:45:00,22
15759.0,577.8900000000001,4,2010-07-16 10:37:00,147
15761.0,143.05,1,2010-09-23 09:33:00,78
15764.0,1223.1100000000001,2,2010-10-01 14:07:00,70
15765.0,370.63,1,2010-02-11 10:25:00,302
15766.0,516.0,2,2010-09-09 13:51:00,92
15770.0,321.45,1,2010-04-06 11:47:00,248
15771.0,1006.54,3,2010-04-14 13:56:00,240
15772.0,280.88,1,2010-10-17 13:33:00,54
15773.0,138.84,1,2010-10-26 15:27:00,45
15774.0,1016.29,5,2010-10-17 12:59:00,54
15775.0,45.6,1,2010-03-18 07:32:00,267
15777.0,715.5,3,2010-11-08 14:37:00,32
15778.0,307.95,1,2010-10-04 15:10:00,67
15779.0,124.08000000000001,2,2010-09-02 16:40:00,99
15782.0,1399.36,1,2010-10-05 15:43:00,66
15784.0,848.3299999999999,2,2010-08-29 10:38:00,103
15785.0,3640.96,11,2010-11-25 16:55:00,15
15786.0,3582.62,2,2010-10-18 08:11:00,53
15788.0,221.82999999999998,1,2010-07-19 12:48:00,144
15789.0,1610.71,5,2010-10-04 14:42:00,67
15791.0,1995.65,3,2010-06-28 12:04:00,165
15792.0,933.84,2,2010-11-05 08:21:00,35
15793.0,1433.96,5,2010-11-26 10:36:00,14
15794.0,777.0,2,2009-12-03 13:04:00,372
15795.0,1369.8600000000001,7,2010-10-05 15:17:00,66
15796.0,2463.02,9,2010-11-30 10:40:00,10
15797.0,613.6800000000001,2,2010-05-07 15:09:00,217
15798.0,1535.37,3,2010-08-04 09:13:00,128
15799.0,537.1999999999999,1,2010-10-17 14:26:00,54
15800.0,530.18,5,2010-09-12 16:17:00,89
15803.0,1513.84,3,2010-09-20 13:08:00,81
15807.0,913.62,2,2010-10-27 13:04:00,44
15809.0,758.67,2,2010-09-06 13:20:00,95
15810.0,1607.06,4,2010-11-18 10:44:00,22
15811.0,1463.78,2,2010-12-09 15:29:00,1
15812.0,3400.33,7,2010-09-30 13:30:00,71
15814.0,689.11,2,2010-11-11 17:55:00,29
15816.0,144.14999999999998,2,2010-06-15 13:36:00,178
15817.0,2766.4,3,2010-10-15 11:07:00,56
15818.0,340.5,1,2010-04-30 12:58:00,224
15819.0,2029.34,6,2010-10-04 15:14:00,67
15822.0,954.59,4,2010-08-03 16:08:00,129
15824.0,890.94,2,2010-09-12 13:20:00,89
15826.0,943.97,1,2010-05-20 17:00:00,204
15828.0,1108.82,1,2010-11-29 16:41:00,11
15833.0,80.4,1,2009-12-02 11:59:00,373
15834.0,1539.24,3,2010-11-28 12:05:00,12
15837.0,385.03000000000003,1,2010-08-11 10:16:00,121
15841.0,1518.35,5,2010-11-18 18:14:00,22
15842.0,548.8,2,2010-11-11 14:08:00,29
15845.0,714.51,3,2010-06-21 11:40:00,172
15846.0,107.01,1,2010-11-19 14:40:00,21
15847.0,433.3,3,2010-10-07 18:19:00,64
15848.0,137.99,1,2010-03-28 10:54:00,257
15850.0,771.87,4,2010-11-28 12:32:00,12
15851.0,109.73,1,2010-07-01 12:34:00,162
15852.0,96.55,1,2010-07-01 10:16:00,162
15854.0,2609.16,9,2010-11-28 10:42:00,12
15855.0,340.48,1,2010-08-20 17:15:00,112
15857.0,273.48,1,2010-10-05 16:43:00,66
15858.0,2508.77,9,2010-12-07 14:31:00,3
15859.0,438.46,1,2010-10-03 12:52:00,68
15860.0,1496.3,10,2010-12-06 11:38:00,4
15861.0,1213.98,4,2010-09-09 19:56:00,92
15862.0,2028.49,10,2010-12-01 11:21:00,9
15863.0,286.26,3,2010-04-01 15:40:00,253
15864.0,244.44000000000003,1,2010-11-23 15:02:00,17
15865.0,1346.29,2,2010-10-22 15:24:00,49
15868.0,94.53,1,2010-05-05 14:11:00,219
15869.0,171.47,1,2010-03-23 16:50:00,262
15870.0,506.02,3,2010-11-08 10:57:00,32
15871.0,33.099999999999994,1,2010-09-28 14:16:00,73
15872.0,413.0,2,2010-11-26 12:05:00,14
15873.0,313.91999999999996,4,2010-07-28 12:41:00,135
15875.0,108.52,1,2010-03-03 16:51:00,282
15876.0,1449.1399999999999,2,2010-10-26 18:58:00,45
15878.0,330.77,2,2010-05-27 12:17:00,197
15879.0,1137.8,4,2010-10-31 16:21:00,40
15880.0,329.03000000000003,1,2010-12-05 13:00:00,5
15882.0,977.34,6,2010-12-06 13:12:00,4
15884.0,244.60000000000002,2,2010-10-03 15:55:00,68
15886.0,871.78,3,2010-10-19 12:01:00,52
15887.0,1027.15,3,2010-10-29 08:36:00,42
15888.0,260.85,2,2010-11-04 09:59:00,36
15889.0,1274.95,7,2010-12-05 15:12:00,5
15890.0,535.65,5,2010-11-10 12:46:00,30
15892.0,128.2,1,2010-02-08 16:23:00,305
15893.0,305.28000000000003,1,2010-08-15 11:12:00,117
15894.0,150.79000000000002,1,2010-12-05 14:06:00,5
15899.0,56.25,1,2010-12-06 10:36:00,4
15900.0,549.29,3,2010-10-22 10:44:00,49
15901.0,318.14,3,2010-09-14 13:37:00,87
15902.0,145.01,1,2010-11-24 16:57:00,16
15905.0,114.69,1,2010-06-14 16:00:00,179
15906.0,962.5,3,2010-11-30 13:26:00,10
15908.0,758.62,2,2010-08-06 11:56:00,126
15910.0,1432.29,7,2010-11-04 12:18:00,36
15911.0,1683.79,8,2010-03-26 12:06:00,259
15912.0,810.08,7,2010-09-29 13:20:00,72
15913.0,6.300000000000001,1,2010-06-23 16:31:00,170
15914.0,205.99,2,2010-11-26 16:10:00,14
15915.0,364.24,1,2010-11-03 11:13:00,37
15916.0,1874.83,7,2010-12-08 13:14:00,2
15917.0,407.07,4,2010-04-12 15:01:00,242
15918.0,248.65,1,2010-03-18 11:40:00,267
15919.0,214.07999999999998,1,2010-12-06 11:26:00,4
15920.0,401.64,5,2010-10-11 13:57:00,60
15921.0,442.58,3,2010-11-08 10:24:00,32
15922.0,369.5,1,2010-12-01 13:51:00,9
15923.0,127.08,1,2010-12-02 12:16:00,8
15924.0,102.82,1,2009-12-08 15:00:00,367
15926.0,134.44,1,2010-06-15 15:23:00,178
15927.0,106.54,1,2010-03-02 13:25:00,283
15928.0,293.53,1,2010-02-21 15:16:00,292
15929.0,594.0,1,2010-03-05 14:56:00,280
15931.0,239.9,1,2010-10-07 16:46:00,64
15934.0,2190.66,2,2010-10-18 10:13:00,53
15936.0,282.79,2,2010-11-25 16:39:00,15
15938.0,330.23,4,2010-09-09 17:07:00,92
15939.0,2904.83,1,2010-11-30 12:07:00,10
15941.0,405.0,1,2010-03-12 14:45:00,273
15943.0,271.28999999999996,2,2010-02-28 12:49:00,285
15944.0,1839.1399999999999,3,2010-11-11 09:55:00,29
15945.0,646.27,4,2010-12-09 13:14:00,1
15946.0,2304.18,3,2010-07-25 12:18:00,138
15948.0,553.85,1,2010-10-11 12:16:00,60
15951.0,304.95,1,2010-11-23 18:20:00,17
15953.0,1990.8,11,2010-12-05 15:15:00,5
15954.0,187.8,1,2010-04-29 13:35:00,225
15956.0,617.6,2,2010-06-06 13:06:00,187
15957.0,492.36,2,2010-10-15 12:22:00,56
15958.0,357.77,3,2010-11-01 12:22:00,39
15959.0,542.89,3,2010-01-26 16:38:00,318
15960.0,410.95,4,2010-11-30 15:57:00,10
15961.0,451.28999999999996,1,2010-11-25 15:59:00,15
15962.0,289.48,1,2010-09-16 13:48:00,85
15964.0,269.21000000000004,1,2010-02-14 15:30:00,299
15965.0,2119.26,10,2010-12-07 13:18:00,3
15966.0,426.53000000000003,1,2010-09-15 10:44:00,86
15967.0,2568.32,10,2010-11-25 13:42:00,15
15968.0,401.8,1,2010-11-16 13:04:00,24
15969.0,460.95,2,2010-10-10 12:01:00,61
15970.0,703.22,1,2010-04-20 11:30:00,234
15971.0,1702.98,6,2010-11-19 10:43:00,21
15972.0,1769.33,5,2010-09-09 13:20:00,92
15973.0,665.62,2,2010-12-08 11:42:00,2
15976.0,1252.67,4,2010-10-25 11:33:00,46
15978.0,2180.64,2,2010-10-03 14:08:00,68
15979.0,329.22,1,2010-04-16 11:35:00,238
15982.0,324.51,1,2010-04-13 15:47:00,241
15983.0,2458.9,6,2010-12-09 10:45:00,1
15985.0,1572.8600000000001,5,2010-09-29 14:43:00,72
15986.0,186.3,1,2010-11-23 10:02:00,17
15987.0,216.7,2,2010-12-06 08:34:00,4
15988.0,579.61,2,2010-06-06 12:45:00,187
15989.0,368.31,2,2010-11-29 12:03:00,11
15990.0,1205.64,5,2010-08-02 12:42:00,130
15991.0,150.55,1,2010-06-23 15:50:00,170
15992.0,854.61,2,2010-11-08 14:51:00,32
15994.0,761.4100000000001,2,2010-10-24 12:14:00,47
15995.0,694.54,1,2010-10-21 13:57:00,50
15996.0,617.07,2,2010-12-08 15:59:00,2
15999.0,20.4,1,2009-12-04 12:31:00,371
16001.0,583.39,1,2010-11-23 17:10:00,17
16002.0,169.21,1,2010-03-24 13:08:00,261
16003.0,2878.46,5,2010-11-23 16:30:00,17
16004.0,2146.39,5,2010-08-22 11:48:00,110
16005.0,1786.3600000000001,6,2010-11-29 11:48:00,11
16006.0,231.42,1,2010-11-17 12:03:00,23
16007.0,1359.25,3,2010-11-21 12:29:00,19
16010.0,1302.46,8,2010-11-28 11:19:00,12
16012.0,1563.3,2,2010-11-03 13:47:00,37
16014.0,453.45,2,2010-10-27 16:04:00,44
16016.0,980.91,4,2010-12-08 12:36:00,2
16017.0,1333.7,4,2010-10-18 12:58:00,53
16018.0,289.23,2,2010-11-08 15:36:00,32
16021.0,487.03,2,2010-11-09 14:48:00,31
16024.0,232.96,2,2010-10-24 11:42:00,47
16027.0,1113.74,9,2010-09-08 12:44:00,93
16028.0,82.2,1,2010-04-23 11:45:00,231
16032.0,1965.72,6,2010-09-09 18:00:00,92
16033.0,1985.6299999999999,8,2010-12-05 10:36:00,5
16034.0,473.62,3,2010-11-10 11:32:00,30
16035.0,217.73,1,2010-05-28 15:09:00,196
16036.0,1797.92,2,2010-10-11 15:08:00,60
16037.0,654.32,2,2010-06-13 11:32:00,180
16039.0,456.4,2,2010-10-12 10:44:00,59
16040.0,1103.35,4,2010-10-05 11:09:00,66
16042.0,1067.85,3,2010-11-25 18:16:00,15
16043.0,1082.6000000000001,4,2010-11-25 15:40:00,15
16044.0,340.84000000000003,1,2010-09-30 18:12:00,71
16045.0,2094.23,4,2010-10-19 10:23:00,52
16046.0,235.78,1,2010-05-26 13:18:00,198
16048.0,818.7900000000001,4,2010-12-01 15:28:00,9
16049.0,777.34,3,2010-11-29 14:36:00,11
16050.0,162.8,2,2010-11-21 14:52:00,19
16051.0,188.44,1,2010-01-27 09:38:00,317
16053.0,2122.89,4,2010-10-22 11:42:00,49
16054.0,1327.98,3,2010-10-17 11:38:00,54
16057.0,1591.73,3,2010-07-08 11:33:00,155
16058.0,62.7,1,2010-10-29 16:48:00,42
16059.0,1718.66,7,2010-12-07 10:36:00,3
16060.0,541.95,3,2010-11-04 12:10:00,36
16061.0,89.65,1,2010-10-04 15:29:00,67
16062.0,1709.83,4,2010-11-25 19:06:00,15
16064.0,109.31,1,2009-12-14 16:11:00,361
16065.0,1992.13,8,2010-12-09 13:03:00,1
16067.0,3269.11,3,2010-05-26 12:33:00,198
16068.0,115.73,1,2010-04-25 11:52:00,229
16069.0,457.7,1,2010-10-18 10:32:00,53
16071.0,750.5600000000001,3,2010-06-30 13:41:00,163
16072.0,3595.77,3,2010-10-07 16:48:00,64
16074.0,252.5,1,2010-11-14 13:19:00,26
16075.0,736.9300000000001,2,2010-07-25 11:31:00,138
16077.0,2300.4,1,2010-03-24 10:42:00,261
16078.0,283.79,1,2010-02-08 13:29:00,305
16080.0,385.40000000000003,2,2010-11-19 08:18:00,21
16081.0,1637.14,4,2010-12-08 11:16:00,2
16082.0,106.75,1,2010-02-07 15:16:00,306
16083.0,1033.8,2,2010-11-22 12:55:00,18
16085.0,1343.2,7,2010-11-24 14:21:00,16
16086.0,1743.6,6,2010-12-07 13:45:00,3
16087.0,1739.92,5,2010-11-15 16:44:00,25
16088.0,1437.43,2,2010-05-13 10:16:00,211
16089.0,263.49,2,2010-11-18 13:51:00,22
16090.0,180.56,1,2010-03-25 13:05:00,260
16092.0,770.08,3,2010-07-23 11:30:00,140
16094.0,2617.33,7,2010-11-29 15:54:00,11
16095.0,447.05,1,2010-09-09 16:54:00,92
16096.0,1264.3500000000001,3,2010-10-19 15:03:00,52
16098.0,2435.67,8,2010-12-01 09:45:00,9
16099.0,841.3,4,2010-10-18 14:48:00,53
16100.0,582.64,1,2010-09-03 11:39:00,98
16101.0,1938.46,3,2010-10-01 10:45:00,70
16104.0,2476.25,8,2010-10-17 10:34:00,54
16105.0,2049.23,4,2010-09-27 11:38:00,74
16108.0,1393.42,3,2010-10-01 15:10:00,70
16109.0,327.6,1,2010-01-10 10:37:00,334
16110.0,460.64,1,2010-07-05 13:04:00,158
16111.0,549.33,1,2010-10-07 19:51:00,64
16115.0,892.92,4,2010-11-07 11:27:00,33
16117.0,422.19,2,2010-11-02 12:02:00,38
16119.0,1297.45,6,2010-11-10 13:40:00,30
16120.0,1658.3700000000001,2,2010-10-13 15:22:00,58
16121.0,595.38,3,2010-11-14 11:41:00,26
16122.0,316.92,3,2010-12-08 11:41:00,2
16124.0,1523.49,3,2010-10-17 12:56:00,54
16127.0,145.06,1,2009-12-13 12:19:00,362
16128.0,1920.83,6,2010-11-24 15:26:00,16
16129.0,1396.05,3,2010-10-28 14:29:00,43
16130.0,987.48,4,2010-10-13 15:14:00,58
16132.0,664.1999999999999,2,2010-06-13 13:49:00,180
16134.0,1527.25,3,2010-10-12 10:44:00,59
16135.0,301.9,1,2010-05-05 09:35:00,219
16136.0,237.42,1,2010-02-14 12:49:00,299
16137.0,422.7,1,2010-01-28 15:04:00,316
16138.0,910.35,3,2010-11-26 12:13:00,14
16139.0,475.74,2,2009-12-17 11:24:00,358
16140.0,832.4200000000001,2,2010-12-03 14:40:00,7
16141.0,335.54,1,2010-10-18 14:12:00,53
16143.0,2485.89,7,2010-12-05 15:18:00,5
16145.0,3005.9500000000003,8,2010-11-16 15:58:00,24
16146.0,212.25,1,2010-09-17 10:46:00,84
16147.0,2023.91,4,2010-11-04 14:56:00,36
16148.0,310.3,1,2010-09-29 10:12:00,72
16149.0,141.70000000000002,1,2010-10-06 15:54:00,65
16150.0,2342.57,6,2010-12-02 18:27:00,8
16153.0,3309.2599999999998,6,2010-10-15 09:29:00,56
16155.0,796.9,5,2010-11-23 12:03:00,17
16156.0,3096.14,11,2010-11-22 09:57:00,18
16158.0,628.32,9,2010-07-05 13:55:00,158
16159.0,884.59,3,2010-08-26 13:40:00,106
16163.0,1992.98,5,2010-12-09 16:28:00,1
16165.0,79.9,1,2010-07-22 14:17:00,141
16166.0,435.83,2,2010-10-07 15:44:00,64
16167.0,1386.1200000000001,5,2010-10-21 15:33:00,50
16172.0,744.34,3,2010-08-23 13:53:00,109
16174.0,1237.2,4,2010-08-05 12:33:00,127
16175.0,798.85,3,2010-08-25 11:58:00,107
16176.0,2052.69,4,2010-10-14 13:54:00,57
16177.0,1915.36,7,2010-09-29 10:12:00,72
16178.0,414.7,1,2010-11-03 14:46:00,37
16182.0,3354.0,5,2010-09-27 09:41:00,74
16183.0,739.1,3,2010-11-10 11:12:00,30
16185.0,115.31,1,2010-05-24 11:04:00,200
16188.0,105.80000000000001,1,2010-10-27 11:50:00,44
16190.0,2508.4700000000003,7,2010-11-10 09:43:00,30
16192.0,351.3,1,2009-12-04 12:28:00,371
16193.0,315.98,1,2010-10-25 10:25:00,46
16194.0,308.59999999999997,1,2010-11-29 13:28:00,11
16195.0,323.25,1,2009-12-16 14:09:00,359
16196.0,93.3,1,2010-08-08 11:40:00,124
16197.0,2016.71,9,2010-08-27 12:56:00,105
16198.0,629.36,1,2010-09-28 13:59:00,73
16199.0,942.75,7,2010-11-12 12:55:00,28
16201.0,248.65,1,2010-10-20 12:00:00,51
16202.0,2136.72,8,2010-10-18 14:10:00,53
16203.0,521.64,3,2010-12-02 15:39:00,8
16204.0,534.53,2,2010-11-24 15:03:00,16
16205.0,1062.48,3,2010-11-08 12:17:00,32
16206.0,2040.06,9,2010-11-17 10:06:00,23
16208.0,2776.19,8,2010-11-10 13:09:00,30
16209.0,1884.16,4,2010-11-22 14:39:00,18
16211.0,543.5699999999999,2,2010-10-14 13:20:00,57
16212.0,603.37,2,2010-03-31 12:16:00,254
16214.0,975.5,1,2010-09-30 13:57:00,71
16218.0,1355.29,7,2010-12-01 11:29:00,9
16219.0,40.8,1,2010-07-27 11:44:00,136
16221.0,1324.35,7,2010-12-07 13:13:00,3
16222.0,498.5,1,2009-12-18 14:31:00,357
16223.0,1087.05,2,2010-11-30 11:50:00,10
16224.0,321.24,1,2010-11-17 13:14:00,23
16225.0,1762.99,10,2010-11-02 15:39:00,38
16226.0,417.05,2,2010-11-26 13:36:00,14
16227.0,713.0,2,2010-08-02 14:16:00,130
16228.0,885.71,3,2010-11-19 14:20:00,21
16229.0,1857.26,4,2010-11-23 12:01:00,17
16231.0,1074.47,4,2010-11-25 15:00:00,15
16232.0,1722.09,3,2010-10-15 16:00:00,56
16233.0,1429.03,7,2010-12-08 12:51:00,2
16234.0,333.18,3,2010-08-20 14:33:00,112
16235.0,1186.4,4,2010-11-29 09:22:00,11
16237.0,136.65,1,2010-09-28 17:02:00,73
16238.0,63.66,1,2010-10-13 12:36:00,58
16239.0,1078.0,4,2010-11-22 16:27:00,18
16241.0,1677.15,4,2010-12-05 11:04:00,5
16244.0,1056.63,1,2010-12-02 11:41:00,8
16246.0,821.35,2,2010-09-06 12:04:00,95
16250.0,401.94,2,2010-12-01 09:59:00,9
16251.0,128.31,1,2010-07-15 14:55:00,148
16252.0,295.09000000000003,1,2010-11-22 11:57:00,18
16253.0,3538.34,5,2010-10-15 14:51:00,56
16254.0,967.44,3,2010-11-26 13:22:00,14
16255.0,2284.34,8,2010-12-09 14:25:00,1
16256.0,826.9399999999999,2,2010-08-03 08:58:00,129
16259.0,340.94,3,2010-10-25 14:27:00,46
16261.0,312.62,2,2010-11-18 19:22:00,22
16262.0,755.15,1,2010-11-26 13:22:00,14
16263.0,348.16,1,2010-10-12 14:52:00,59
16264.0,823.53,2,2010-09-27 15:00:00,74
16265.0,1338.17,3,2010-11-18 10:06:00,22
16266.0,896.06,7,2010-10-12 17:20:00,59
16267.0,186.66,1,2010-04-27 14:10:00,227
16269.0,717.57,1,2010-09-28 11:50:00,73
16271.0,1978.18,4,2010-08-26 09:35:00,106
16273.0,318.34000000000003,2,2010-03-01 13:24:00,284
16274.0,331.55,1,2010-12-01 15:35:00,9
16275.0,1591.24,2,2010-08-22 11:28:00,110
16276.0,1818.79,2,2010-08-17 13:40:00,115
16277.0,188.69,1,2009-12-06 11:27:00,369
16278.0,551.46,2,2010-08-16 13:38:00,116
16280.0,238.05,1,2009-12-14 15:49:00,361
16281.0,1361.96,2,2010-10-12 09:01:00,59
16282.0,1139.28,2,2010-08-09 10:27:00,123
16283.0,2779.51,3,2010-10-17 16:17:00,54
16284.0,205.8,1,2010-11-11 13:27:00,29
16285.0,176.9,1,2010-03-03 16:03:00,282
16286.0,328.95,2,2010-08-19 14:48:00,113
16287.0,864.48,4,2010-11-28 14:43:00,12
16288.0,129.85,1,2010-08-26 14:45:00,106
16289.0,136.31,1,2010-09-03 14:02:00,98
16290.0,1957.7,4,2010-09-01 11:52:00,100
16292.0,951.51,4,2010-11-24 13:21:00,16
16293.0,2408.96,6,2010-12-07 15:02:00,3
16294.0,126.05000000000001,1,2010-08-20 12:01:00,112
16296.0,1313.67,4,2010-03-23 13:11:00,262
16298.0,487.5,4,2010-11-07 14:32:00,33
16299.0,193.65,1,2010-08-19 17:46:00,113
16300.0,1367.32,3,2010-10-05 13:14:00,66
16301.0,107.33,1,2009-12-03 10:20:00,372
16303.0,2567.64,4,2010-11-12 15:05:00,28
16304.0,381.66,1,2010-01-14 08:30:00,330
16306.0,560.55,2,2010-12-07 15:18:00,3
16307.0,1194.92,3,2010-10-06 14:31:00,65
16308.0,2560.0,3,2010-10-29 12:09:00,42
16310.0,460.08,2,2010-10-21 14:47:00,50
16312.0,171.15,1,2010-10-03 14:15:00,68
16314.0,1491.4,3,2010-11-15 12:06:00,25
16315.0,176.34,1,2010-06-21 13:53:00,172
16316.0,2806.0,5,2010-11-24 08:35:00,16
16317.0,850.86,2,2010-06-07 14:24:00,186
16321.0,230.9,2,2010-03-23 16:01:00,262
16323.0,146.16,1,2010-05-11 09:48:00,213
16325.0,3003.26,9,2010-10-11 09:40:00,60
16326.0,1587.03,10,2010-11-21 11:03:00,19
16328.0,310.83,1,2010-05-25 14:02:00,199
16329.0,1664.92,4,2010-10-08 12:44:00,63
16330.0,373.46999999999997,4,2010-10-11 14:59:00,60
16331.0,2037.7,6,2010-10-03 13:47:00,68
16332.0,414.69,4,2010-10-04 13:13:00,67
16334.0,263.73,1,2010-08-04 16:38:00,128
16335.0,2753.52,7,2010-06-06 11:35:00,187
16336.0,3517.69,4,2010-10-15 12:32:00,56
16340.0,961.93,2,2010-09-26 12:51:00,75
16341.0,1878.92,3,2010-09-28 17:55:00,73
16343.0,285.54,1,2010-10-28 14:15:00,43
16344.0,741.3199999999999,3,2010-07-18 11:31:00,145
16345.0,613.33,1,2010-08-13 17:13:00,119
16346.0,224.51,1,2010-11-19 15:55:00,21
16347.0,2595.51,9,2010-11-16 14:15:00,24
16348.0,328.77,1,2010-10-05 13:57:00,66
16350.0,1137.42,5,2010-11-30 12:31:00,10
16354.0,723.66,3,2010-11-25 12:18:00,15
16355.0,416.35,1,2010-11-29 14:21:00,11
16356.0,204.10000000000002,3,2010-11-28 15:25:00,12
16357.0,209.49,1,2010-11-23 18:52:00,17
16358.0,892.1500000000001,1,2010-11-10 11:36:00,30
16359.0,946.83,7,2010-11-28 12:49:00,12
16362.0,212.17,1,2010-09-28 09:24:00,73
16365.0,1766.78,7,2010-12-07 17:19:00,3
16366.0,1220.83,3,2010-05-06 13:28:00,218
16367.0,549.8100000000001,1,2010-11-21 13:23:00,19
16368.0,141.53,1,2010-09-30 11:30:00,71
16369.0,1111.15,4,2010-09-29 13:47:00,72
16371.0,157.2,1,2010-09-17 12:09:00,84
16372.0,934.58,3,2010-10-26 12:54:00,45
16373.0,309.49,2,2010-11-22 15:50:00,18
16374.0,1250.77,3,2010-11-02 13:27:00,38
16375.0,104.0,2,2010-08-26 14:25:00,106
16377.0,632.28,1,2010-04-01 10:36:00,253
16381.0,247.85,2,2010-11-09 09:56:00,31
16382.0,353.1,2,2010-10-27 16:23:00,44
16383.0,2244.23,5,2010-11-08 14:48:00,32
16384.0,774.4499999999999,2,2010-10-06 12:49:00,65
16385.0,473.69,3,2010-12-08 12:56:00,2
16386.0,765.59,1,2010-11-17 11:19:00,23
16387.0,788.1,4,2010-11-09 09:02:00,31
16388.0,186.05,1,2010-02-24 10:20:00,289
16390.0,467.5,3,2010-06-21 10:11:00,172
16391.0,1048.86,4,2010-11-04 12:27:00,36
16392.0,537.56,2,2010-10-22 11:40:00,49
16393.0,2441.61,11,2010-12-05 13:10:00,5
16395.0,2035.5,9,2010-11-11 12:18:00,29
16396.0,137.8,1,2010-08-20 14:17:00,112
16397.0,123.13,1,2010-03-21 15:36:00,264
16399.0,222.20000000000002,1,2010-11-15 15:03:00,25
16400.0,2755.92,8,2010-11-09 14:11:00,31
16401.0,2749.13,11,2010-11-25 08:20:00,15
16402.0,205.65,1,2010-12-05 13:42:00,5
16406.0,374.01,2,2010-09-15 11:53:00,86
16407.0,681.97,4,2010-11-15 16:56:00,25
16408.0,231.93,1,2010-04-27 14:08:00,227
16409.0,3629.76,7,2010-11-24 13:25:00,16
16410.0,130.32,1,2009-12-05 14:51:00,370
16411.0,673.24,3,2010-12-05 13:26:00,5
16412.0,457.2,4,2010-11-11 11:52:00,29
16413.0,259.83,1,2010-11-29 12:49:00,11
16414.0,424.96000000000004,3,2010-10-04 12:19:00,67
16415.0,496.49,2,2010-05-05 11:51:00,219
16416.0,1906.48,6,2010-11-14 13:24:00,26
16417.0,35.7,1,2010-08-04 09:08:00,128
16418.0,397.62,2,2010-10-27 12:55:00,44
16419.0,504.99,2,2010-05-11 12:18:00,213
16420.0,75.0,1,2010-11-08 15:15:00,32
16421.0,526.27,3,2010-11-28 13:31:00,12
16424.0,309.5,1,2010-11-22 11:24:00,18
16428.0,638.49,3,2010-10-22 12:22:00,49
16430.0,802.09,5,2010-11-23 14:53:00,17
16433.0,200.26,1,2010-10-27 12:26:00,44
16434.0,1161.89,5,2010-09-19 13:36:00,82
16435.0,1003.0699999999999,3,2010-07-15 18:22:00,148
16436.0,319.14,3,2010-02-09 13:19:00,304
16437.0,301.25,2,2010-11-23 16:59:00,17
16439.0,310.70000000000005,1,2009-12-17 14:22:00,358
16440.0,216.3,1,2010-08-03 11:32:00,129
16441.0,631.98,3,2010-10-18 12:57:00,53
16442.0,282.68,2,2010-04-14 13:35:00,240
16443.0,162.24,1,2010-07-07 11:57:00,156
16445.0,352.65,3,2010-11-18 11:37:00,22
16447.0,471.19,2,2010-04-28 13:21:00,226
16448.0,178.13,1,2010-08-25 16:58:00,107
16450.0,1193.81,2,2010-05-04 13:43:00,220
16451.0,746.1800000000001,2,2010-05-27 17:56:00,197
16452.0,332.17,2,2010-03-19 12:39:00,266
16453.0,251.71,2,2010-06-27 12:46:00,166
16454.0,1.55,1,2010-04-07 15:54:00,247
16455.0,2535.69,6,2010-12-03 16:45:00,7
16459.0,71.78999999999999,1,2009-12-10 12:42:00,365
16461.0,1396.91,2,2010-04-28 11:54:00,226
16465.0,746.24,2,2010-10-15 09:27:00,56
16466.0,2171.13,8,2010-11-21 11:30:00,19
16467.0,2869.16,7,2010-07-19 11:49:00,144
16468.0,712.62,2,2010-08-26 16:36:00,106
16469.0,178.48000000000002,1,2010-07-13 13:17:00,150
16470.0,1664.08,7,2010-11-08 12:28:00,32
16471.0,966.03,3,2010-11-11 15:47:00,29
16472.0,789.6,2,2010-10-01 13:56:00,70
16473.0,154.72,1,2010-11-30 16:29:00,10
16476.0,350.35,1,2010-10-04 10:29:00,67
16477.0,1825.56,5,2010-12-03 12:48:00,7
16481.0,453.38,1,2010-01-26 13:09:00,318
16485.0,1923.54,4,2010-10-03 15:30:00,68
16486.0,134.36,1,2010-06-20 12:16:00,173
16487.0,209.4,2,2010-05-11 13:38:00,213
16489.0,303.7,2,2010-11-24 14:40:00,16
16490.0,205.41000000000003,1,2010-09-29 16:30:00,72
16491.0,801.66,1,2010-10-22 15:42:00,49
16492.0,385.56,1,2010-06-17 08:20:00,176
16493.0,780.46,3,2010-09-21 12:37:00,80
16496.0,731.25,3,2010-10-04 12:34:00,67
16499.0,2212.89,6,2010-11-30 12:19:00,10
16500.0,443.05,3,2010-11-30 09:46:00,10
16501.0,1191.23,1,2010-11-21 14:10:00,19
16502.0,258.55,2,2010-03-29 13:44:00,256
16503.0,2182.41,7,2010-11-09 09:34:00,31
16507.0,142.71,1,2010-05-16 12:56:00,208
16508.0,240.95,1,2010-03-19 13:41:00,266
16510.0,1757.25,6,2010-12-02 13:39:00,8
16511.0,842.16,3,2010-11-07 15:30:00,33
16515.0,1554.92,5,2010-11-25 12:34:00,15
16518.0,475.05,2,2010-10-14 12:14:00,57
16519.0,327.68,3,2010-12-09 14:08:00,1
16520.0,1427.57,4,2010-12-09 13:08:00,1
16521.0,1136.36,3,2010-10-20 13:09:00,51
16522.0,433.36,2,2010-09-30 10:54:00,71
16523.0,2497.86,7,2010-10-20 12:42:00,51
16524.0,306.19,2,2010-09-19 13:37:00,82
16526.0,426.85,1,2010-05-04 16:34:00,220
16527.0,1004.88,1,2010-10-11 13:25:00,60
16529.0,1531.55,3,2010-08-19 12:48:00,113
16530.0,48.349999999999994,1,2010-02-09 15:30:00,304
16531.0,1053.74,4,2010-11-23 15:33:00,17
16532.0,2007.84,2,2010-10-04 11:52:00,67
16534.0,635.9,1,2010-03-07 15:47:00,278
16535.0,358.28999999999996,1,2010-11-19 13:01:00,21
16537.0,10.55,1,2010-03-08 13:41:00,277
16538.0,395.07,3,2010-06-16 16:59:00,177
16539.0,2343.2,7,2010-12-01 15:40:00,9
16540.0,205.75,1,2010-10-21 17:22:00,50
16541.0,424.03,1,2009-12-04 13:22:00,371
16542.0,137.7,1,2010-11-03 14:44:00,37
16543.0,292.21,1,2010-04-27 11:38:00,227
16544.0,376.70000000000005,4,2010-07-08 11:11:00,155
16545.0,350.52,1,2010-11-29 10:39:00,11
16547.0,104.25999999999999,1,2010-06-11 13:02:00,182
16548.0,30.15,1,2010-04-19 16:15:00,235
16551.0,1315.0,4,2010-10-12 15:09:00,59
16552.0,95.29,1,2010-12-01 12:36:00,9
16554.0,2004.6200000000001,5,2010-11-18 11:59:00,22
16555.0,1629.79,4,2010-07-22 13:43:00,141
16559.0,175.0,1,2010-11-07 13:52:00,33
16560.0,2206.9700000000003,6,2010-11-07 12:04:00,33
16562.0,223.85999999999999,1,2010-08-20 11:45:00,112
16563.0,3334.82,5,2010-11-04 14:11:00,36
16564.0,87.8,1,2010-05-19 14:41:00,205
16565.0,599.35,3,2010-10-29 15:31:00,42
16568.0,1020.9000000000001,2,2010-10-08 10:54:00,63
16569.0,1331.03,4,2010-03-18 15:19:00,267
16570.0,3695.91,10,2010-11-25 13:03:00,15
16571.0,2827.05,7,2010-11-09 17:41:00,31
16574.0,850.34,2,2010-10-12 09:25:00,59
16576.0,540.87,2,2010-10-15 13:37:00,56
16577.0,380.0,1,2010-02-11 09:45:00,302
16578.0,156.6,1,2010-03-23 15:11:00,262
16579.0,295.05,1,2010-10-10 11:58:00,61
16583.0,297.95,2,2010-12-01 12:03:00,9
16584.0,2220.09,3,2010-10-03 14:32:00,68
16585.0,341.59,2,2010-04-25 10:34:00,229
16586.0,998.83,2,2010-09-21 10:11:00,80
16588.0,1361.28,4,2010-11-18 17:56:00,22
16589.0,153.12,1,2010-09-15 14:56:00,86
16590.0,605.9,2,2010-11-04 09:06:00,36
16593.0,741.11,5,2010-11-14 13:11:00,26
16595.0,1397.59,4,2010-11-28 14:15:00,12
16596.0,329.48,3,2010-12-08 16:18:00,2
16599.0,172.8,1,2010-11-19 12:45:00,21
16600.0,1339.89,7,2010-11-30 13:34:00,10
16601.0,434.3,2,2010-11-14 11:30:00,26
16602.0,235.25,1,2010-11-16 09:13:00,24
16604.0,432.45,2,2010-05-26 09:10:00,198
16605.0,60.48,1,2009-12-15 19:03:00,360
16606.0,357.66,2,2010-10-31 13:57:00,40
16607.0,2359.16,11,2010-11-05 12:57:00,35
16608.0,1286.6200000000001,2,2010-09-12 11:44:00,89
16611.0,1655.64,5,2010-11-01 09:33:00,39
16612.0,2057.77,5,2010-11-25 13:14:00,15
16614.0,673.6,2,2010-11-02 18:08:00,38
16615.0,291.5,1,2010-03-23 15:13:00,262
16619.0,1712.1200000000001,3,2010-11-21 16:02:00,19
16620.0,1579.97,4,2010-11-15 09:14:00,25
16622.0,225.4,1,2010-06-14 10:44:00,179
16623.0,885.79,3,2010-11-03 12:05:00,37
16625.0,1320.95,4,2010-10-13 09:32:00,58
16628.0,130.05,2,2010-10-28 08:38:00,43
16630.0,106.80000000000001,1,2010-10-28 14:30:00,43
16631.0,1892.52,7,2010-08-15 11:20:00,117
16632.0,406.4,2,2010-08-11 11:39:00,121
16634.0,1596.71,5,2010-12-02 17:41:00,8
16635.0,473.0,1,2010-10-29 09:41:00,42
16638.0,749.8100000000001,6,2010-12-06 10:19:00,4
16639.0,490.47,1,2010-10-26 18:23:00,45
16640.0,179.4,1,2010-11-07 10:48:00,33
16641.0,323.40000000000003,1,2010-01-07 12:22:00,337
16642.0,389.12,1,2010-10-20 14:22:00,51
16643.0,435.6,1,2010-10-13 09:47:00,58
16645.0,160.39,1,2009-12-04 09:49:00,371
16646.0,678.8,1,2010-09-16 13:28:00,85
16647.0,327.84,2,2010-09-23 14:33:00,78
16648.0,382.14,2,2010-09-10 11:59:00,91
16649.0,306.58000000000004,1,2010-07-07 15:41:00,156
16650.0,1397.69,6,2010-10-15 15:28:00,56
16651.0,136.2,1,2010-05-02 11:46:00,222
16654.0,1110.2,5,2010-12-06 15:09:00,4
16655.0,2633.74,7,2010-10-24 14:59:00,47
16658.0,680.83,5,2010-12-06 13:47:00,4
16660.0,611.9000000000001,3,2010-10-13 11:38:00,58
16661.0,932.76,4,2010-06-17 15:24:00,176
16662.0,151.05,1,2010-11-10 16:56:00,30
16663.0,165.0,1,2009-12-10 13:12:00,365
16664.0,109.2,1,2010-05-19 17:11:00,205
16666.0,98.73,1,2010-03-28 15:13:00,257
16668.0,555.7,7,2010-11-17 11:12:00,23
16673.0,171.13,1,2010-01-29 14:22:00,315
16675.0,608.86,2,2010-09-24 12:15:00,77
16676.0,769.78,2,2010-11-02 19:19:00,38
16677.0,880.62,2,2010-10-24 14:53:00,47
16679.0,663.31,3,2010-12-08 13:51:00,2
16680.0,637.75,2,2010-06-29 14:52:00,164
16681.0,151.5,1,2010-03-08 14:10:00,277
16683.0,320.25,1,2010-06-24 10:36:00,169
16686.0,1921.19,9,2010-11-15 14:49:00,25
16687.0,157.63,1,2010-11-14 11:46:00,26
16690.0,127.45,2,2010-11-11 16:15:00,29
16691.0,178.83,2,2010-10-17 15:03:00,54
16692.0,638.6999999999999,2,2010-10-27 10:29:00,44
16693.0,701.62,3,2010-10-24 11:35:00,47
16694.0,98.30000000000001,1,2009-12-16 15:45:00,359
16695.0,191.9,2,2010-05-27 12:36:00,197
16699.0,994.6,7,2010-11-24 14:38:00,16
16702.0,1109.53,4,2010-10-20 14:10:00,51
16704.0,664.16,2,2010-03-31 14:02:00,254
16707.0,533.41,4,2010-11-04 14:39:00,36
16711.0,1217.45,4,2010-11-25 13:53:00,15
16712.0,621.5600000000001,2,2010-11-03 15:54:00,37
16714.0,368.27,1,2010-02-07 11:17:00,306
16715.0,323.8,1,2010-05-26 12:35:00,198
16716.0,1248.48,1,2010-03-19 11:05:00,266
16717.0,3127.85,9,2010-12-08 16:48:00,2
16718.0,3006.08,5,2010-12-05 13:03:00,5
16719.0,2169.13,8,2010-12-06 12:06:00,4
16720.0,413.79,2,2010-11-28 14:49:00,12
16723.0,654.96,2,2010-09-22 11:05:00,79
16724.0,147.35,1,2010-10-31 11:40:00,40
16725.0,1052.14,8,2010-12-03 16:02:00,7
16726.0,705.14,2,2010-11-21 14:04:00,19
16727.0,1121.45,3,2010-11-12 14:05:00,28
16731.0,170.3,1,2010-03-01 15:05:00,284
16732.0,3783.89,3,2010-11-01 13:33:00,39
16733.0,259.68,1,2010-06-28 10:12:00,165
16736.0,2956.56,5,2010-07-22 10:09:00,141
16737.0,417.59999999999997,1,2010-05-11 09:53:00,213
16739.0,463.43,1,2010-06-21 09:38:00,172
16740.0,226.91,1,2010-11-09 13:34:00,31
16741.0,173.06,1,2010-03-24 15:15:00,261
16743.0,1999.02,7,2010-09-09 12:34:00,92
16748.0,2121.43,9,2010-11-16 18:07:00,24
16752.0,207.5,1,2010-12-02 12:18:00,8
16755.0,1389.25,4,2010-08-29 15:45:00,103
16756.0,1072.97,6,2010-10-31 10:03:00,40
16757.0,163.65,1,2010-10-26 15:09:00,45
16760.0,228.0,1,2010-10-05 15:55:00,66
16763.0,352.85,1,2009-12-01 15:26:00,374
16765.0,420.75,1,2010-11-22 13:42:00,18
16767.0,2476.85,4,2010-10-17 10:46:00,54
16768.0,1220.48,6,2010-11-21 11:06:00,19
16769.0,755.51,3,2010-08-18 14:43:00,114
16770.0,1152.63,5,2010-12-02 15:49:00,8
16771.0,1690.49,5,2010-09-08 12:46:00,93
16772.0,3698.0499999999997,3,2010-10-12 13:19:00,59
16773.0,249.65,2,2010-09-29 15:47:00,72
16774.0,905.96,4,2010-10-12 14:42:00,59
16775.0,1361.23,6,2010-12-07 15:15:00,3
16776.0,220.97,1,2010-10-20 12:13:00,51
16777.0,1069.56,3,2010-10-22 09:06:00,49
16780.0,174.16,1,2010-10-28 19:41:00,43
16781.0,623.0,2,2010-12-02 14:26:00,8
16783.0,391.95,1,2010-09-29 11:53:00,72
16784.0,784.73,4,2010-11-28 11:57:00,12
16785.0,533.78,1,2010-10-26 10:36:00,45
16786.0,51.839999999999996,1,2010-11-11 08:25:00,29
16787.0,1017.53,4,2010-11-07 11:01:00,33
16788.0,1334.54,3,2010-10-31 13:35:00,40
16791.0,2251.85,8,2010-11-21 12:21:00,19
16792.0,513.08,3,2010-11-21 12:11:00,19
16794.0,856.1999999999999,5,2010-11-24 12:45:00,16
16795.0,2062.41,3,2010-12-09 14:08:00,1
16797.0,1802.02,5,2010-11-11 19:14:00,29
16798.0,841.16,3,2010-06-03 19:01:00,190
16799.0,452.78000000000003,2,2010-10-03 14:28:00,68
16802.0,582.61,2,2010-01-29 13:44:00,315
16805.0,615.75,2,2010-05-11 15:03:00,213
16807.0,1002.29,3,2010-08-26 14:29:00,106
16809.0,812.74,4,2010-10-03 15:55:00,68
16810.0,532.5,1,2010-10-15 15:32:00,56
16812.0,1912.65,3,2010-11-26 10:24:00,14
16815.0,406.02,2,2010-09-12 10:59:00,89
16817.0,1200.15,5,2010-12-06 14:19:00,4
16819.0,182.59,2,2010-08-31 17:37:00,101
16821.0,113.35,1,2010-11-23 10:04:00,17
16822.0,181.39,1,2010-01-22 14:22:00,322
16823.0,1884.71,6,2010-11-17 16:46:00,23
16824.0,225.6,1,2010-11-11 12:21:00,29
16825.0,1051.71,3,2010-11-26 16:22:00,14
16827.0,387.18,5,2010-11-11 14:04:00,29
16829.0,316.1,1,2010-11-16 18:11:00,24
16830.0,881.59,3,2010-09-23 12:37:00,78
16831.0,91.8,1,2010-05-24 09:08:00,200
16832.0,218.45999999999998,2,2010-10-07 08:35:00,64
16833.0,1302.51,2,2010-09-26 11:23:00,75
16834.0,485.5,1,2010-02-03 14:24:00,310
16835.0,1357.56,5,2010-12-01 17:15:00,9
16836.0,530.5,2,2010-10-29 12:48:00,42
16838.0,570.76,2,2010-06-27 14:49:00,166
16840.0,139.85,2,2010-04-15 15:48:00,239
16841.0,2136.2400000000002,6,2010-10-07 15:45:00,64
16844.0,614.34,2,2010-05-26 10:29:00,198
16845.0,253.88,1,2010-03-31 13:09:00,254
16846.0,628.09,2,2010-05-11 13:45:00,213
16847.0,421.45000000000005,1,2010-03-31 13:32:00,254
16848.0,1130.2,3,2010-11-28 12:38:00,12
16854.0,1408.96,2,2010-10-18 16:31:00,53
16856.0,323.09000000000003,2,2010-10-18 11:54:00,53
16857.0,352.8,1,2010-09-23 10:49:00,78
16859.0,1184.6,5,2010-10-19 09:07:00,52
16860.0,1610.62,3,2010-09-13 10:05:00,88
16861.0,772.83,3,2010-11-14 13:54:00,26
16862.0,662.33,4,2010-06-10 13:05:00,183
16863.0,495.72,2,2010-12-08 08:58:00,2
16864.0,409.25,2,2010-10-01 16:16:00,70
16865.0,130.95,1,2010-11-03 11:34:00,37
16867.0,76.74000000000001,1,2010-01-19 09:11:00,325
16868.0,384.56,3,2010-11-10 13:17:00,30
16870.0,450.15999999999997,1,2010-08-27 13:53:00,105
16872.0,533.11,3,2010-10-08 15:20:00,63
16874.0,209.89000000000001,1,2010-11-25 13:08:00,15
16875.0,2139.0,6,2010-09-28 17:11:00,73
16876.0,136.01,1,2010-11-01 11:59:00,39
16880.0,321.78,1,2010-08-03 13:54:00,129
16884.0,641.13,2,2010-06-01 12:45:00,192
16885.0,232.94,1,2010-11-19 12:51:00,21
16886.0,134.0,1,2010-09-09 15:08:00,92
16887.0,465.84000000000003,2,2010-11-04 11:29:00,36
16888.0,434.2,3,2010-11-04 12:39:00,36
16889.0,947.98,3,2010-11-07 10:46:00,33
16890.0,277.91,3,2010-08-20 11:23:00,112
16891.0,1202.77,7,2010-12-03 11:35:00,7
16892.0,236.56,2,2010-06-03 15:17:00,190
16893.0,249.47,2,2010-12-08 12:06:00,2
16894.0,1306.96,3,2010-07-25 15:43:00,138
16895.0,900.63,4,2010-09-27 11:13:00,74
16896.0,103.95,1,2010-06-02 15:40:00,191
16898.0,496.26,3,2010-12-06 12:23:00,4
16899.0,424.71000000000004,2,2010-11-26 11:28:00,14
16901.0,204.26,1,2009-12-10 16:30:00,365
16903.0,678.55,2,2010-11-24 14:55:00,16
16904.0,1360.31,7,2010-12-07 13:30:00,3
16905.0,1921.07,11,2010-12-03 10:43:00,7
16906.0,850.48,3,2010-10-07 15:01:00,64
16907.0,722.0500000000001,5,2010-12-09 16:52:00,1
16908.0,252.59,1,2009-12-17 13:35:00,358
16911.0,255.25,2,2010-03-14 12:18:00,271
16912.0,1904.93,4,2010-10-14 14:11:00,57
16913.0,310.46999999999997,2,2010-02-26 12:09:00,287
16915.0,921.5,5,2010-11-18 08:31:00,22
16916.0,530.14,3,2010-12-02 13:14:00,8
16917.0,1460.3600000000001,1,2010-03-17 15:24:00,268
16918.0,2137.72,10,2010-10-13 15:37:00,58
16920.0,355.45,1,2010-10-24 14:07:00,47
16921.0,255.03,2,2010-09-23 14:08:00,78
16922.0,611.08,1,2010-05-16 11:24:00,208
16925.0,125.65,1,2010-06-17 15:03:00,176
16926.0,1169.6100000000001,5,2010-12-03 13:42:00,7
16928.0,1107.58,10,2010-12-01 15:21:00,9
16931.0,629.4,3,2010-12-05 11:40:00,5
16932.0,262.32,2,2010-10-12 14:14:00,59
16933.0,2536.07,7,2010-11-15 14:36:00,25
16934.0,1152.1100000000001,4,2010-11-21 11:39:00,19
16935.0,530.86,3,2010-11-23 09:16:00,17
16936.0,286.39,1,2010-11-19 11:54:00,21
16937.0,196.25,1,2010-07-28 17:56:00,135
16939.0,433.85,3,2010-08-08 12:24:00,124
16940.0,3377.78,5,2010-09-15 12:53:00,86
16941.0,33.0,1,2010-04-07 11:13:00,247
16944.0,101.36,1,2010-04-09 11:03:00,245
16946.0,1222.04,5,2010-11-21 14:06:00,19
16947.0,540.23,3,2010-09-03 12:22:00,98
16948.0,433.75,4,2010-10-06 13:08:00,65
16950.0,2527.21,8,2010-12-07 15:20:00,3
16952.0,628.22,3,2010-09-24 15:35:00,77
16955.0,790.74,4,2010-12-06 10:38:00,4
16958.0,778.49,1,2010-09-30 14:25:00,71
16960.0,1483.83,5,2010-11-14 12:17:00,26
16961.0,560.39,2,2010-11-16 16:37:00,24
16962.0,251.04,1,2010-10-26 11:36:00,45
16964.0,207.85,2,2009-12-06 12:53:00,369
16970.0,71.4,1,2010-03-23 13:50:00,262
16972.0,749.0,2,2010-11-22 10:59:00,18
16973.0,127.0,1,2010-11-18 13:56:00,22
16974.0,365.5,2,2010-07-05 10:18:00,158
16975.0,926.12,3,2010-10-12 17:53:00,59
16977.0,496.0,4,2010-11-09 13:17:00,31
16978.0,424.55,2,2010-02-11 16:33:00,302
16979.0,1007.74,3,2010-11-21 13:23:00,19
16980.0,394.37,1,2010-10-07 14:05:00,64
16983.0,1748.15,5,2010-12-05 12:34:00,5
16986.0,3015.55,9,2010-09-20 15:00:00,81
16987.0,882.65,4,2010-11-28 15:24:00,12
16988.0,256.55,1,2010-11-25 09:22:00,15
16990.0,165.0,1,2010-10-13 11:42:00,58
16991.0,1041.21,1,2010-10-14 14:08:00,57
16993.0,1950.9499999999998,2,2010-09-02 12:16:00,99
16996.0,666.6500000000001,3,2010-11-22 14:33:00,18
16998.0,107.0,1,2010-09-21 14:39:00,80
17000.0,406.3,2,2010-11-08 13:35:00,32
17001.0,2651.23,8,2010-11-28 12:25:00,12
17002.0,1077.82,4,2010-09-22 13:51:00,79
17003.0,828.21,4,2010-11-02 13:15:00,38
17004.0,1012.22,2,2010-11-12 13:17:00,28
17005.0,622.36,2,2010-08-26 10:57:00,106
17006.0,853.49,4,2010-11-12 13:43:00,28
17007.0,230.17000000000002,1,2010-09-28 13:51:00,73
17008.0,81.36,1,2010-10-06 15:19:00,65
17009.0,242.06,1,2010-06-06 16:01:00,187
17011.0,400.8,2,2010-03-02 13:50:00,283
17012.0,360.61,1,2009-12-14 17:34:00,361
17016.0,552.4,1,2010-05-12 12:32:00,212
17018.0,1367.6,4,2010-11-17 14:23:00,23
17019.0,2687.73,8,2010-12-06 12:55:00,4
17020.0,935.62,2,2010-06-15 13:06:00,178
17021.0,1182.22,6,2010-09-23 20:01:00,78
17022.0,189.0,1,2010-10-03 10:27:00,68
17023.0,800.18,3,2010-10-18 15:37:00,53
17025.0,1152.87,4,2010-12-01 15:46:00,9
17026.0,54.15,2,2010-12-05 12:47:00,5
17027.0,433.07,3,2010-09-19 14:11:00,82
17028.0,1593.83,3,2010-05-07 15:33:00,217
17029.0,1421.3,5,2010-11-22 10:46:00,18
17031.0,2393.5,4,2010-11-26 15:17:00,14
17032.0,2896.69,5,2010-04-15 14:14:00,239
17033.0,302.65000000000003,1,2010-11-07 12:55:00,33
17034.0,530.9,2,2010-10-26 14:00:00,45
17035.0,180.06,2,2010-04-27 14:11:00,227
17036.0,176.9,1,2010-11-21 14:26:00,19
17038.0,630.77,1,2010-10-20 16:04:00,51
17039.0,1954.99,1,2010-04-14 12:56:00,240
17040.0,13.52,1,2010-06-07 15:08:00,186
17041.0,583.71,3,2010-11-07 12:56:00,33
17043.0,858.47,4,2010-11-29 15:06:00,11
17045.0,488.24,2,2010-11-28 13:09:00,12
17046.0,1264.05,4,2010-09-21 13:40:00,80
17047.0,1188.33,3,2010-10-04 09:14:00,67
17048.0,1146.33,4,2010-09-28 16:50:00,73
17050.0,1162.82,4,2010-11-29 17:20:00,11
17051.0,465.6,3,2010-09-19 15:09:00,82
17055.0,232.85,1,2010-09-20 12:21:00,81
17056.0,128.60000000000002,1,2009-12-01 12:55:00,374
17057.0,288.79,1,2010-04-22 19:21:00,232
17059.0,2506.54,5,2010-12-05 12:35:00,5
17062.0,640.77,4,2010-12-09 12:37:00,1
17063.0,2177.39,6,2010-10-28 15:59:00,43
17065.0,194.7,2,2010-03-12 11:41:00,273
17066.0,228.34,1,2009-12-13 13:24:00,362
17067.0,454.54,3,2009-12-15 08:39:00,360
17069.0,3084.58,6,2010-12-01 16:49:00,9
17070.0,133.18,1,2010-10-25 15:57:00,46
17071.0,1364.68,4,2010-11-23 11:47:00,17
17072.0,273.35,1,2010-03-24 16:33:00,261
17074.0,203.05,1,2010-05-26 12:04:00,198
17075.0,1402.51,6,2010-10-06 13:24:00,65
17076.0,401.66999999999996,3,2010-11-12 10:51:00,28
17077.0,306.0,1,2010-05-10 16:36:00,214
17080.0,669.91,5,2010-11-25 17:55:00,15
17081.0,660.48,4,2010-11-09 12:44:00,31
17082.0,2728.18,4,2010-11-10 09:19:00,30
17083.0,2644.01,6,2010-10-26 08:41:00,45
17084.0,2253.22,1,2010-11-08 14:20:00,32
17087.0,221.53,1,2009-12-02 10:41:00,373
17089.0,128.45,1,2010-11-18 15:33:00,22
17090.0,1105.53,6,2010-11-30 10:49:00,10
17092.0,3737.38,7,2010-09-28 14:27:00,73
17093.0,235.88,1,2010-04-26 10:22:00,228
17094.0,100.2,1,2010-10-12 10:48:00,59
17095.0,1248.09,4,2010-10-05 09:45:00,66
17096.0,2675.8,7,2010-11-21 12:59:00,19
17097.0,363.66,2,2010-12-09 14:55:00,1
17098.0,591.0699999999999,3,2010-11-23 12:13:00,17
17099.0,582.17,1,2010-06-24 16:25:00,169
17101.0,885.3199999999999,3,2010-11-10 10:15:00,30
17103.0,424.3,1,2009-12-17 14:08:00,358
17104.0,474.03,1,2010-10-12 12:21:00,59
17106.0,481.58,1,2010-11-15 14:11:00,25
17108.0,174.95,1,2010-02-14 12:22:00,299
17109.0,410.42,2,2010-10-29 15:56:00,42
17110.0,336.59999999999997,2,2010-07-07 12:21:00,156
17111.0,227.97,1,2010-10-10 15:21:00,61
17112.0,197.57,1,2010-07-25 11:14:00,138
17113.0,2305.59,6,2010-05-14 13:59:00,210
17115.0,1923.99,4,2010-06-09 11:10:00,184
17116.0,389.78,1,2010-03-01 16:29:00,284
17121.0,314.74,1,2010-11-02 11:47:00,38
17122.0,432.18,3,2010-11-16 14:38:00,24
17123.0,621.37,2,2010-09-26 12:06:00,75
17126.0,1019.48,4,2010-11-23 10:27:00,17
17127.0,1155.0300000000002,5,2010-10-07 09:54:00,64
17129.0,31.85,1,2010-07-07 13:46:00,156
17132.0,1220.9099999999999,2,2010-09-13 16:31:00,88
17134.0,212.1,1,2010-09-23 18:32:00,78
17135.0,792.23,4,2010-12-03 09:31:00,7
17136.0,231.68,1,2010-02-15 13:13:00,298
17137.0,1099.81,6,2010-10-19 14:51:00,52
17141.0,727.58,4,2010-10-17 14:54:00,54
17142.0,696.25,3,2010-10-31 14:52:00,40
17143.0,880.97,2,2010-10-18 15:27:00,53
17145.0,3120.91,4,2010-07-15 09:02:00,148
17147.0,1485.36,5,2010-09-13 10:30:00,88
17149.0,143.10000000000002,1,2010-09-14 14:56:00,87
17150.0,1357.95,6,2010-11-28 11:27:00,12
17151.0,231.90000000000003,1,2009-12-04 14:56:00,371
17152.0,327.0,1,2010-10-10 12:40:00,61
17155.0,640.76,5,2010-06-30 09:24:00,163
17156.0,591.87,1,2010-08-05 11:30:00,127
17158.0,713.03,2,2010-06-10 10:38:00,183
17159.0,560.71,2,2010-08-19 11:48:00,113
17161.0,856.01,1,2010-09-21 16:44:00,80
17163.0,406.68,2,2010-09-20 10:08:00,81
17165.0,1635.64,5,2010-11-23 13:35:00,17
17167.0,867.11,3,2010-11-25 10:05:00,15
17168.0,400.2,1,2010-07-29 12:33:00,134
17169.0,320.95,1,2010-05-10 13:00:00,214
17170.0,178.68,2,2010-11-30 15:55:00,10
17171.0,159.68,1,2010-02-16 12:02:00,297
17172.0,638.81,2,2010-10-05 12:02:00,66
17176.0,596.1899999999999,2,2010-07-01 12:11:00,162
17177.0,119.5,1,2010-07-22 14:53:00,141
17178.0,432.96,1,2009-12-08 16:20:00,367
17179.0,795.47,3,2010-11-22 15:52:00,18
17180.0,1452.8,7,2010-10-13 16:58:00,58
17181.0,225.45000000000002,2,2010-12-01 12:38:00,9
17182.0,321.3,2,2010-10-13 10:09:00,58
17184.0,198.41000000000003,2,2010-05-19 14:24:00,205
17185.0,229.46,3,2010-04-27 12:15:00,227
17187.0,263.76,1,2010-07-01 14:38:00,162
17188.0,2118.7000000000003,6,2010-09-19 12:05:00,82
17189.0,569.88,3,2010-05-27 20:11:00,196
17190.0,1279.99,5,2010-11-01 14:22:00,39
17191.0,2726.77,11,2010-12-06 14:46:00,4
17192.0,75.28,1,2010-06-21 16:07:00,172
17193.0,610.74,2,2010-11-18 16:57:00,22
17194.0,549.88,1,2010-06-27 13:16:00,166
17195.0,562.98,1,2010-02-22 13:05:00,291
17196.0,327.75,1,2010-10-08 11:31:00,63
17198.0,521.66,2,2010-12-09 13:34:00,1
17199.0,135.04000000000002,1,2010-05-06 13:53:00,218
17200.0,356.71,4,2010-11-17 13:04:00,23
17201.0,842.8199999999999,3,2010-07-04 11:40:00,159
17202.0,160.65,1,2010-10-15 11:25:00,56
17203.0,2004.01,4,2010-11-16 13:07:00,24
17205.0,615.27,2,2010-10-19 16:11:00,52
17207.0,291.77,1,2010-02-25 19:08:00,288
17208.0,111.15,1,2010-11-09 12:50:00,31
17209.0,595.7,3,2010-02-28 16:01:00,285
17210.0,251.72,1,2010-11-12 12:15:00,28
17211.0,1729.43,6,2010-12-05 12:44:00,5
17212.0,567.5600000000001,2,2010-09-07 15:46:00,94
17213.0,2401.07,7,2010-12-08 13:03:00,2
17215.0,186.15,1,2010-09-01 13:39:00,100
17216.0,63.6,1,2010-06-03 13:03:00,190
17217.0,96.6,1,2010-03-30 13:35:00,255
17218.0,2224.96,9,2010-12-06 15:25:00,4
17219.0,144.9,1,2010-10-19 11:29:00,52
17220.0,1263.86,7,2010-10-18 11:25:00,53
17221.0,642.14,3,2010-04-27 10:27:00,227
17222.0,1234.96,5,2010-08-19 13:48:00,113
17223.0,398.99,2,2010-12-06 14:08:00,4
17224.0,100.86,1,2010-07-26 13:30:00,137
17225.0,131.15,1,2010-05-07 11:38:00,217
17226.0,501.97999999999996,2,2010-09-21 10:10:00,80
17227.0,1081.8600000000001,7,2010-12-06 11:16:00,4
17228.0,1269.8899999999999,7,2010-12-07 10:06:00,3
17233.0,369.98,2,2010-09-17 13:20:00,84
17235.0,1354.82,7,2010-12-02 13:38:00,8
17236.0,1013.13,6,2010-10-25 11:43:00,46
17237.0,679.44,2,2010-11-29 11:51:00,11
17239.0,806.95,3,2010-11-17 15:28:00,23
17240.0,130.6,1,2010-04-22 15:44:00,232
17242.0,1754.24,3,2010-09-09 10:44:00,92
17244.0,871.14,4,2010-11-21 13:53:00,19
17245.0,200.18,1,2010-01-19 15:39:00,325
17246.0,38.92,2,2010-06-11 12:36:00,182
17248.0,181.89000000000001,1,2010-08-15 11:55:00,117
17249.0,68.03,1,2010-10-07 11:33:00,64
17251.0,529.15,2,2010-11-22 10:42:00,18
17254.0,198.29,1,2010-11-03 14:00:00,37
17255.0,490.21999999999997,2,2010-11-14 14:56:00,26
17256.0,258.93,3,2010-08-15 13:19:00,117
17257.0,189.78,2,2010-09-29 12:51:00,72
17258.0,417.3,2,2010-11-08 12:37:00,32
17259.0,1239.11,5,2010-12-06 12:55:00,4
17260.0,120.95,1,2010-10-24 13:21:00,47
17261.0,221.59,1,2010-07-18 11:49:00,145
17262.0,1504.26,7,2010-12-08 13:30:00,2
17264.0,268.28,1,2010-10-11 12:52:00,60
17266.0,205.14,2,2010-07-28 16:39:00,135
17268.0,970.25,7,2010-09-20 12:34:00,81
17269.0,491.81,1,2010-11-19 11:12:00,21
17270.0,601.4499999999999,2,2010-08-27 14:09:00,105
17271.0,204.3,1,2009-12-03 13:49:00,372
17273.0,141.12,1,2010-10-11 15:57:00,60
17274.0,465.4,1,2010-11-09 12:06:00,31
17275.0,114.1,1,2010-11-21 13:26:00,19
17276.0,501.24,1,2010-11-02 16:20:00,38
17278.0,25.2,1,2010-05-23 13:49:00,201
17280.0,118.85999999999999,1,2010-09-27 16:46:00,74
17281.0,797.8499999999999,6,2010-11-30 18:05:00,10
17282.0,623.08,2,2010-09-09 19:23:00,92
17283.0,188.46,1,2010-11-26 11:53:00,14
17284.0,911.12,1,2010-11-15 17:14:00,25
17285.0,400.44,2,2010-03-21 13:38:00,264
17286.0,237.81,2,2010-11-04 13:52:00,36
17288.0,1050.8,4,2010-11-14 13:42:00,26
17289.0,1110.78,6,2010-11-28 13:40:00,12
17290.0,914.47,6,2010-11-23 11:13:00,17
17292.0,271.75,2,2010-08-24 17:14:00,108
17293.0,1896.57,8,2010-11-10 16:31:00,30
17294.0,467.78999999999996,2,2010-02-08 16:12:00,305
17296.0,338.13,1,2009-12-09 14:01:00,366
17298.0,439.94,3,2010-11-30 17:55:00,10
17299.0,336.62,2,2010-09-26 13:40:00,75
17300.0,393.64,2,2010-11-14 10:56:00,26
17301.0,131.15,1,2010-03-25 13:16:00,260
17304.0,111.5,1,2010-06-23 16:23:00,170
17305.0,2135.46,1,2010-03-01 12:47:00,284
17306.0,1151.04,2,2010-11-11 12:44:00,29
17309.0,237.64000000000001,2,2010-11-23 13:47:00,17
17310.0,1025.1,2,2010-11-17 16:00:00,23
17311.0,2181.71,4,2010-11-12 12:38:00,28
17314.0,2376.51,9,2010-11-11 13:52:00,29
17315.0,3318.35,5,2010-11-29 15:36:00,11
17316.0,124.45,1,2010-10-15 14:35:00,56
17318.0,157.32999999999998,1,2009-12-14 13:11:00,361
17319.0,29.1,1,2010-02-08 15:47:00,305
17320.0,1695.15,4,2010-12-06 15:38:00,4
17321.0,1008.05,4,2010-11-10 12:56:00,30
17322.0,922.59,5,2010-11-28 14:41:00,12
17323.0,644.52,5,2010-10-28 19:59:00,43
17324.0,1311.64,9,2010-12-08 12:45:00,2
17325.0,512.77,2,2010-10-25 09:20:00,46
17326.0,312.35,2,2010-10-27 15:38:00,44
17327.0,152.35,2,2010-10-26 09:54:00,45
17328.0,104.7,1,2010-02-04 17:11:00,309
17329.0,475.42,3,2009-12-08 16:57:00,367
17330.0,59.900000000000006,2,2010-06-13 12:34:00,180
17332.0,827.77,5,2010-06-29 16:10:00,164
17334.0,328.13,1,2010-10-29 12:16:00,42
17335.0,497.04,2,2010-11-21 10:17:00,19
17336.0,81.12,1,2010-08-24 15:37:00,108
17339.0,119.0,2,2010-12-09 14:44:00,1
17341.0,1006.53,3,2010-12-08 12:46:00,2
17342.0,1227.54,4,2010-11-25 11:07:00,15
17343.0,1066.3,5,2010-11-28 10:33:00,12
17344.0,299.74,1,2009-12-11 12:31:00,364
17345.0,1066.94,6,2010-11-29 11:54:00,11
17348.0,1274.39,4,2010-09-28 10:49:00,73
17349.0,674.16,4,2010-11-24 15:09:00,16
17350.0,612.381,3,2010-11-10 16:15:00,30
17351.0,1377.23,9,2010-10-08 15:40:00,63
17352.0,36.25,1,2010-01-12 16:13:00,332
17353.0,1502.0,2,2010-08-05 08:54:00,127
17354.0,1740.8999999999999,3,2010-10-07 13:42:00,64
17355.0,273.31,1,2010-11-18 13:18:00,22
17356.0,768.25,4,2010-06-03 10:25:00,190
17358.0,500.2,3,2010-11-28 13:21:00,12
17359.0,156.6,1,2010-03-01 14:48:00,284
17360.0,632.27,3,2010-11-19 12:00:00,21
17361.0,383.59000000000003,2,2010-02-01 14:33:00,312
17362.0,711.8100000000001,5,2010-11-04 12:39:00,36
17363.0,920.46,3,2010-11-09 17:11:00,31
17365.0,3417.13,7,2010-11-18 10:19:00,22
17366.0,1077.24,2,2010-10-03 16:04:00,68
17368.0,879.42,6,2010-11-29 15:48:00,11
17369.0,979.1999999999999,1,2010-09-10 09:49:00,91
17371.0,232.97,3,2010-03-26 14:01:00,259
17373.0,520.58,3,2010-10-17 13:35:00,54
17374.0,231.34,1,2010-11-09 17:14:00,31
17375.0,260.45,1,2010-10-04 09:14:00,67
17376.0,250.44,2,2010-10-31 10:42:00,40
17378.0,10.95,1,2010-11-30 18:46:00,10
17380.0,645.0,3,2010-10-01 16:42:00,70
17382.0,836.88,7,2010-09-30 10:53:00,71
17383.0,110.69999999999999,1,2010-09-12 14:54:00,89
17384.0,171.15,1,2010-08-29 16:01:00,103
17386.0,126.35000000000001,1,2010-11-19 13:40:00,21
17388.0,1415.81,7,2010-10-15 10:39:00,56
17390.0,149.3,1,2010-10-15 11:29:00,56
17392.0,168.65,1,2010-09-15 16:17:00,86
17393.0,381.15,2,2010-10-25 11:10:00,46
17395.0,97.5,1,2010-07-19 15:34:00,144
17396.0,1476.3,7,2010-12-03 09:45:00,7
17397.0,516.87,1,2010-10-19 13:20:00,52
17400.0,2525.44,3,2010-05-07 17:49:00,217
17401.0,114.85,1,2010-06-16 16:54:00,177
17403.0,118.95,1,2010-09-15 12:29:00,86
17406.0,2704.63,11,2010-12-08 10:35:00,2
17407.0,552.9,1,2010-10-24 11:57:00,47
17408.0,283.44000000000005,2,2010-07-27 13:17:00,136
17411.0,646.44,2,2010-11-18 11:55:00,22
17412.0,3159.46,10,2010-12-02 16:29:00,8
17413.0,560.14,2,2010-10-31 12:33:00,40
17414.0,1471.52,4,2010-10-12 16:53:00,59
17417.0,164.18,1,2010-06-09 10:00:00,184
17418.0,206.60000000000002,1,2010-11-17 13:42:00,23
17419.0,2273.95,8,2010-12-07 15:04:00,3
17420.0,485.6,4,2010-12-01 09:56:00,9
17421.0,1059.41,3,2010-11-18 16:57:00,22
17422.0,1615.39,5,2010-11-23 10:24:00,17
17423.0,420.54,1,2010-11-11 12:26:00,29
17426.0,3040.51,7,2010-09-13 12:35:00,88
17429.0,832.54,2,2010-11-08 13:28:00,32
17430.0,469.40999999999997,3,2010-12-09 13:05:00,1
17432.0,1363.23,7,2010-11-19 17:01:00,21
17433.0,266.8,1,2010-11-19 13:37:00,21
17435.0,331.35,1,2010-10-24 13:55:00,47
17436.0,317.76,3,2010-10-27 13:43:00,44
17437.0,369.68,1,2010-06-28 11:11:00,165
17438.0,1034.32,4,2010-09-21 14:12:00,80
17439.0,325.74,1,2010-02-22 12:48:00,291
17440.0,137.16,1,2010-06-08 14:40:00,185
17441.0,293.35,1,2009-12-07 13:32:00,368
17442.0,2371.74,9,2010-11-23 14:46:00,17
17449.0,2348.94,6,2010-11-17 13:50:00,23
17454.0,1030.41,6,2010-09-03 10:43:00,98
17456.0,975.5600000000001,2,2010-12-09 15:23:00,1
17458.0,213.08,1,2010-11-23 11:43:00,17
17463.0,659.4,2,2010-05-28 10:04:00,196
17464.0,617.1800000000001,2,2010-07-05 13:24:00,158
17465.0,2542.79,7,2010-10-10 11:56:00,61
17467.0,102.6,1,2010-11-09 12:58:00,31
17468.0,57.8,1,2010-11-29 17:25:00,11
17470.0,1679.8,7,2010-12-07 09:57:00,3
17471.0,321.65000000000003,1,2010-08-22 11:53:00,110
17472.0,224.81,1,2010-03-21 13:27:00,264
17473.0,607.0,2,2010-10-27 11:45:00,44
17474.0,1047.0,1,2010-04-19 10:43:00,235
17476.0,489.86,2,2010-11-09 10:21:00,31
17477.0,1144.3,2,2010-04-06 10:06:00,248
17478.0,1272.8,2,2010-10-27 15:01:00,44
17479.0,389.26000000000005,1,2010-03-17 09:26:00,268
17480.0,370.40999999999997,1,2010-09-21 12:31:00,80
17482.0,775.64,2,2010-08-09 15:33:00,123
17483.0,177.69,1,2010-10-21 12:43:00,50
17484.0,209.57,2,2010-05-12 15:41:00,212
17487.0,160.55,1,2009-12-11 15:06:00,364
17488.0,336.5,1,2010-03-08 14:07:00,277
17490.0,658.18,2,2010-11-16 18:47:00,24
17491.0,2422.2000000000003,8,2010-12-07 12:18:00,3
17492.0,747.85,2,2010-08-18 15:10:00,114
17493.0,100.91000000000001,1,2010-11-19 16:57:00,21
17494.0,54.699999999999996,1,2010-07-26 10:06:00,137
17495.0,309.16,1,2010-11-14 11:50:00,26
17496.0,1141.84,3,2010-05-25 10:25:00,199
17497.0,287.25,2,2010-11-14 14:17:00,26
17499.0,718.51,1,2010-05-27 09:59:00,197
17505.0,1289.64,3,2010-06-07 12:10:00,186
17510.0,206.07999999999998,1,2010-10-15 10:20:00,56
17512.0,2542.83,8,2010-09-13 10:46:00,88
17513.0,645.6,2,2010-10-27 11:13:00,44
17514.0,313.35,1,2010-02-08 14:00:00,305
17515.0,963.49,5,2010-11-10 13:47:00,30
17516.0,182.62,1,2010-11-26 12:50:00,14
17518.0,329.42,2,2010-10-10 12:40:00,61
17519.0,3265.45,10,2010-12-06 15:18:00,4
17521.0,554.85,2,2010-11-10 16:25:00,30
17524.0,394.14,2,2010-09-27 16:29:00,74
17525.0,739.2,2,2010-11-07 11:54:00,33
17526.0,2970.14,9,2010-12-09 12:20:00,1
17529.0,1240.25,2,2010-04-08 17:51:00,246
17530.0,725.21,3,2010-12-09 20:01:00,1
17531.0,970.12,2,2010-06-30 12:17:00,163
17532.0,65.34,1,2010-11-19 08:13:00,21
17533.0,34.8,1,2010-10-01 09:14:00,70
17534.0,1445.47,4,2010-09-14 13:32:00,87
17536.0,288.33,2,2010-10-15 12:09:00,56
17539.0,1161.84,3,2010-03-21 15:23:00,264
17540.0,1011.7,4,2010-11-21 11:37:00,19
17541.0,119.86,1,2010-07-18 11:36:00,145
17542.0,170.1,2,2010-03-08 12:17:00,277
17543.0,120.05,1,2010-06-08 12:41:00,185
17544.0,944.82,3,2010-11-14 15:08:00,26
17545.0,767.54,3,2010-11-14 15:30:00,26
17547.0,727.85,2,2010-11-29 09:41:00,11
17548.0,627.96,3,2010-11-26 15:19:00,14
17550.0,2239.48,6,2010-11-07 14:51:00,33
17552.0,2154.88,10,2010-12-02 18:46:00,8
17553.0,2270.0,3,2010-08-24 09:49:00,108
17555.0,565.43,3,2010-10-10 12:09:00,61
17556.0,142.77,1,2010-11-25 17:00:00,15
17557.0,34.0,1,2009-12-07 10:15:00,368
17558.0,259.17,1,2010-11-11 14:36:00,29
17559.0,167.62,1,2010-07-15 12:02:00,148
17560.0,1040.85,4,2010-11-09 14:49:00,31
17561.0,537.9,3,2010-11-14 12:36:00,26
17563.0,392.38,2,2010-05-10 14:54:00,214
17565.0,131.83,1,2010-05-02 11:54:00,222
17567.0,1024.55,2,2010-12-02 15:18:00,8
17568.0,374.45,1,2010-03-16 16:45:00,269
17571.0,205.23999999999998,1,2010-06-15 12:50:00,178
17572.0,496.26000000000005,7,2010-12-01 12:51:00,9
17575.0,171.7,1,2010-02-10 13:48:00,303
17577.0,348.75,2,2010-03-04 13:01:00,281
17578.0,903.87,6,2010-08-22 13:10:00,110
17579.0,304.38,1,2010-05-10 14:28:00,214
17580.0,325.3,2,2010-11-28 11:08:00,12
17582.0,1271.68,4,2010-09-19 13:37:00,82
17583.0,135.95,1,2010-05-28 14:24:00,196
17585.0,948.03,3,2010-09-20 14:49:00,81
17586.0,167.4,1,2010-03-30 13:12:00,255
17587.0,173.76,1,2010-03-21 14:16:00,264
17588.0,1699.35,4,2010-11-08 15:45:00,32
17591.0,519.95,2,2010-12-07 15:39:00,3
17592.0,148.3,1,2009-12-01 10:49:00,374
17594.0,1504.7,2,2010-09-16 19:17:00,85
17596.0,2075.7400000000002,7,2010-12-06 12:34:00,4
17597.0,1439.72,4,2010-10-17 10:13:00,54
17598.0,409.98,1,2010-11-23 17:43:00,17
17599.0,52.05,1,2010-08-19 12:50:00,113
17601.0,296.65,1,2010-11-24 14:29:00,16
17602.0,2300.01,8,2010-08-24 17:31:00,108
17603.0,1393.66,3,2010-04-01 11:51:00,253
17604.0,633.02,4,2010-10-13 10:17:00,58
17605.0,160.75,1,2010-04-28 14:45:00,226
17606.0,87.30000000000001,1,2009-12-02 13:32:00,373
17607.0,333.81,1,2010-11-28 13:11:00,12
17608.0,296.07,2,2010-09-16 16:15:00,85
17609.0,777.0799999999999,6,2010-11-02 10:00:00,38
17610.0,1511.94,5,2010-06-17 16:34:00,176
17615.0,392.2,3,2010-11-17 08:42:00,23
17616.0,489.59999999999997,2,2010-12-07 10:04:00,3
17617.0,385.19,1,2010-05-30 12:48:00,194
17618.0,3071.36,8,2010-11-21 12:31:00,19
17621.0,1795.22,3,2010-10-31 10:14:00,40
17622.0,1130.21,2,2010-04-21 12:36:00,233
17623.0,1838.72,6,2010-10-26 14:12:00,45
17624.0,725.15,2,2010-09-28 14:07:00,73
17626.0,254.0,1,2010-04-16 12:15:00,238
17627.0,296.36,1,2010-08-18 11:27:00,114
17629.0,641.4,2,2010-11-16 14:46:00,24
17631.0,470.16,4,2010-11-30 10:02:00,10
17633.0,732.55,3,2010-11-25 11:28:00,15
17635.0,1265.58,3,2010-10-11 15:12:00,60
17638.0,842.4,2,2010-03-02 14:32:00,283
17639.0,506.67,5,2010-11-17 16:11:00,23
17640.0,2547.28,5,2010-11-25 14:27:00,15
17642.0,1112.2,3,2010-10-06 13:20:00,65
17643.0,439.7,2,2010-12-01 14:38:00,9
17644.0,3132.96,9,2010-11-10 10:18:00,30
17646.0,3141.4,10,2010-12-09 14:28:00,1
17647.0,198.6,2,2010-02-08 14:40:00,305
17648.0,418.87,1,2010-11-19 16:41:00,21
17649.0,710.4,2,2010-08-27 10:23:00,105
17651.0,1758.52,6,2010-07-29 12:28:00,134
17655.0,1013.54,3,2010-12-08 16:45:00,2
17657.0,126.0,1,2010-10-05 14:52:00,66
17659.0,835.33,3,2010-12-02 16:46:00,8
17660.0,163.47,1,2009-12-02 16:02:00,373
17662.0,412.92,2,2010-02-16 09:38:00,297
17663.0,3372.92,10,2010-10-18 10:26:00,53
17664.0,561.59,2,2010-08-22 13:14:00,110
17665.0,563.1,1,2010-08-03 13:12:00,129
17666.0,1319.6399999999999,3,2010-08-19 12:23:00,113
17667.0,1895.19,4,2010-09-30 12:19:00,71
17669.0,2735.63,3,2010-09-03 13:13:00,98
17671.0,830.63,2,2010-12-09 14:27:00,1
17672.0,2485.57,4,2010-10-18 13:34:00,53
17673.0,2578.91,7,2010-11-29 15:26:00,11
17674.0,300.66,1,2010-12-06 10:20:00,4
17676.0,1378.16,5,2010-12-08 13:49:00,2
17678.0,301.65,1,2010-04-15 13:54:00,239
17679.0,1585.5,5,2010-07-06 09:39:00,157
17680.0,313.05,2,2010-11-21 13:31:00,19
17681.0,731.2,5,2010-04-21 17:22:00,233
17682.0,1982.45,6,2010-12-06 13:35:00,4
17683.0,819.01,3,2010-11-19 10:11:00,21
17685.0,2751.64,6,2010-12-02 14:42:00,8
17686.0,2557.35,2,2010-10-12 17:06:00,59
17687.0,432.68,1,2010-10-15 12:30:00,56
17688.0,304.2,1,2010-11-11 10:41:00,29
17689.0,317.08,2,2010-11-16 13:22:00,24
17690.0,2685.2,8,2010-12-08 15:23:00,2
17691.0,489.65000000000003,3,2010-12-06 11:10:00,4
17692.0,2234.86,8,2010-11-08 13:39:00,32
17694.0,1412.85,2,2010-07-16 10:22:00,147
17695.0,980.7,3,2010-11-10 14:44:00,30
17699.0,442.0,2,2010-08-20 09:39:00,112
17702.0,1319.67,2,2010-11-21 13:15:00,19
17703.0,296.1,1,2010-10-17 16:16:00,54
17705.0,260.38,2,2010-09-10 14:43:00,91
17707.0,456.90000000000003,6,2010-11-28 15:52:00,12
17708.0,620.85,2,2010-11-02 08:57:00,38
17709.0,533.56,4,2010-08-26 14:02:00,106
17710.0,293.5,1,2010-10-12 07:49:00,59
17713.0,1198.09,4,2010-11-22 16:50:00,18
17714.0,1257.18,4,2010-10-11 08:30:00,60
17715.0,163.2,1,2010-04-26 12:17:00,228
17717.0,376.92,1,2010-10-14 12:54:00,57
17718.0,299.83,1,2010-03-05 08:01:00,280
17720.0,1572.97,7,2010-12-07 10:43:00,3
17721.0,307.21000000000004,1,2010-02-18 15:18:00,295
17722.0,2006.32,2,2010-12-08 12:41:00,2
17723.0,102.0,1,2010-11-29 10:35:00,11
17726.0,1092.06,7,2010-11-09 13:37:00,31
17728.0,1362.75,2,2010-10-31 15:50:00,40
17729.0,438.65000000000003,1,2010-04-22 15:03:00,232
17730.0,2475.32,7,2010-11-22 12:26:00,18
17731.0,468.88,2,2010-03-28 12:43:00,257
17732.0,2166.42,8,2010-12-02 09:29:00,8
17734.0,741.69,3,2010-07-02 10:01:00,161
17738.0,2304.51,9,2010-11-09 14:24:00,31
17740.0,426.9,6,2010-11-15 16:33:00,25
17741.0,101.1,2,2010-10-29 11:59:00,42
17742.0,1743.3700000000001,9,2010-10-07 15:03:00,64
17743.0,229.2,1,2010-09-17 14:54:00,84
17744.0,326.74,1,2010-11-24 09:34:00,16
17745.0,600.34,2,2010-08-19 12:30:00,113
17746.0,793.9300000000001,3,2010-08-25 13:31:00,107
17748.0,358.15,1,2010-06-30 13:49:00,163
17749.0,351.66,1,2010-06-11 14:56:00,182
17751.0,157.85999999999999,1,2010-10-14 13:57:00,57
17753.0,382.06,4,2010-09-01 15:49:00,100
17754.0,2786.57,8,2010-11-30 11:31:00,10
17756.0,728.75,3,2010-11-29 12:20:00,11
17758.0,1555.83,4,2010-10-08 12:08:00,63
17759.0,441.92,2,2010-11-11 15:09:00,29
17760.0,631.34,5,2010-12-01 15:08:00,9
17762.0,129.75,1,2010-09-09 17:40:00,92
17763.0,71.15,3,2010-02-24 13:34:00,289
17764.0,741.02,3,2010-11-02 17:12:00,38
17765.0,156.37,1,2010-09-17 12:45:00,84
17766.0,299.61,2,2010-11-23 14:29:00,17
17767.0,141.85,1,2010-10-25 16:22:00,46
17768.0,1210.83,4,2010-11-17 13:42:00,23
17769.0,3095.95,7,2010-11-21 12:11:00,19
17771.0,141.6,2,2010-09-29 16:35:00,72
17772.0,187.3,1,2010-11-12 11:31:00,28
17773.0,575.37,2,2010-07-13 14:07:00,150
17774.0,2059.1,5,2010-11-07 12:31:00,33
17776.0,329.3,2,2010-11-18 12:14:00,22
17778.0,197.70000000000002,1,2010-02-16 12:44:00,297
17780.0,346.56,3,2010-02-10 13:43:00,303
17782.0,679.02,2,2010-11-22 11:15:00,18
17783.0,93.49,1,2010-07-15 12:50:00,148
17784.0,112.86,1,2010-06-07 16:08:00,186
17785.0,271.44,2,2010-09-20 14:14:00,81
17787.0,736.28,1,2010-12-03 13:43:00,7
17789.0,171.25,1,2010-02-16 13:16:00,297
17790.0,815.11,6,2010-11-26 10:19:00,14
17792.0,368.35,2,2010-08-29 14:30:00,103
17794.0,147.3,2,2010-01-22 10:18:00,322
17796.0,661.04,4,2010-12-05 12:23:00,5
17797.0,1191.44,5,2010-11-09 14:33:00,31
17798.0,172.17,1,2010-05-07 11:42:00,217
17799.0,3207.76,10,2010-11-15 13:58:00,25
17801.0,770.03,3,2010-09-14 14:32:00,87
17802.0,3761.38,8,2010-12-02 13:44:00,8
17803.0,184.66,1,2010-11-12 13:53:00,28
17804.0,383.78000000000003,3,2010-11-28 14:01:00,12
17805.0,414.72,1,2010-04-08 14:36:00,246
17807.0,437.87,3,2010-11-09 16:21:00,31
17808.0,262.64,4,2010-06-09 10:44:00,184
17810.0,343.21,2,2010-02-09 10:47:00,304
17811.0,1757.98,8,2010-11-30 10:56:00,10
17812.0,405.48,4,2010-12-06 15:27:00,4
17814.0,1609.37,2,2010-11-29 14:21:00,11
17815.0,591.96,1,2010-11-11 14:39:00,29
17816.0,75.76,3,2010-12-09 14:10:00,1
17817.0,400.46999999999997,3,2010-11-26 14:09:00,14
17818.0,124.78,1,2009-12-02 11:34:00,373
17819.0,2907.65,6,2010-12-03 14:26:00,7
17820.0,180.60999999999999,1,2010-11-30 17:43:00,10
17821.0,334.62,1,2010-10-29 13:20:00,42
17822.0,2154.08,5,2010-10-15 13:47:00,56
17823.0,449.25,2,2010-10-14 16:24:00,57
17825.0,701.96,4,2010-04-20 12:01:00,234
17826.0,133.34,1,2010-11-30 13:23:00,10
17827.0,388.84,1,2010-03-28 12:20:00,257
17833.0,338.46000000000004,1,2009-12-16 13:40:00,359
17834.0,689.6700000000001,2,2010-10-21 12:09:00,50
17838.0,3786.7000000000003,10,2010-12-09 15:50:00,1
17840.0,175.9,1,2010-09-22 12:24:00,79
17842.0,430.69,1,2010-04-16 14:23:00,238
17843.0,114.92,1,2010-10-24 10:56:00,47
17845.0,596.09,4,2010-06-02 15:20:00,191
17847.0,125.74000000000001,2,2010-07-12 10:00:00,151
17849.0,457.96000000000004,4,2010-08-16 11:31:00,116
17851.0,1552.35,6,2010-10-13 15:13:00,58
17852.0,543.47,3,2010-11-16 12:19:00,24
17853.0,1596.29,3,2010-10-28 15:29:00,43
17854.0,757.24,4,2010-09-03 12:06:00,98
17855.0,208.97,1,2010-12-02 09:44:00,8
17857.0,1803.2,2,2010-12-09 11:35:00,1
17860.0,717.39,4,2010-12-06 12:41:00,4
17861.0,2990.41,10,2010-11-19 13:43:00,21
17862.0,923.99,3,2010-11-19 12:09:00,21
17863.0,2585.2,7,2010-12-05 13:21:00,5
17864.0,321.72,2,2010-11-19 12:04:00,21
17866.0,805.3000000000001,2,2010-08-12 12:43:00,120
17867.0,402.85,8,2010-10-25 15:51:00,46
17868.0,227.15,1,2010-11-18 18:55:00,22
17869.0,599.78,3,2010-12-06 17:16:00,4
17870.0,1213.8,2,2010-12-08 08:12:00,2
17871.0,913.05,4,2010-11-07 13:21:00,33
17872.0,235.87,1,2010-11-23 12:02:00,17
17875.0,167.1,1,2010-01-20 15:30:00,324
17876.0,3424.02,3,2010-11-05 10:52:00,35
17878.0,999.48,2,2010-11-09 13:52:00,31
17880.0,366.0,2,2010-03-10 12:39:00,275
17882.0,291.56,2,2010-11-25 14:40:00,15
17883.0,324.08,3,2010-06-18 16:40:00,175
17886.0,703.27,3,2010-09-28 14:44:00,73
17889.0,545.05,5,2010-11-30 12:33:00,10
17894.0,1292.39,11,2010-12-08 14:50:00,2
17897.0,1921.9,8,2010-12-07 15:54:00,3
17898.0,147.12,2,2010-09-13 12:01:00,88
17901.0,149.7,2,2010-07-06 11:05:00,157
17902.0,216.39999999999998,1,2010-06-11 12:25:00,182
17903.0,381.09000000000003,1,2010-11-10 15:39:00,30
17905.0,1569.8799999999999,10,2010-12-01 13:21:00,9
17907.0,291.76,1,2010-03-09 12:33:00,276
17908.0,1142.47,5,2010-12-01 11:45:00,9
17909.0,110.05,1,2009-12-02 13:10:00,373
17910.0,261.7,1,2009-12-13 16:04:00,362
17912.0,61.54,1,2010-11-29 13:53:00,11
17915.0,225.78,1,2010-06-06 13:22:00,187
17916.0,43.87,2,2010-03-21 12:26:00,264
17918.0,388.44,3,2010-07-27 11:51:00,136
17919.0,536.28,1,2010-09-27 10:40:00,74
17921.0,1574.13,6,2010-11-25 19:24:00,15
17922.0,170.4,1,2010-06-14 16:32:00,179
17923.0,289.5,2,2010-06-30 13:41:00,163
17924.0,574.2,2,2010-12-01 10:51:00,9
17925.0,244.08,1,2010-12-02 10:10:00,8
17926.0,638.2,3,2010-09-21 18:42:00,80
17927.0,294.0,1,2009-12-18 11:03:00,357
17928.0,128.7,1,2010-05-17 15:30:00,207
17929.0,2239.1,8,2010-11-17 12:01:00,23
17930.0,2534.74,8,2010-11-11 08:29:00,29
17933.0,105.99,1,2010-03-17 15:11:00,268
17934.0,344.90000000000003,1,2010-10-29 12:23:00,42
17935.0,540.35,5,2010-11-04 12:06:00,36
17938.0,144.29,1,2010-10-15 14:27:00,56
17941.0,1128.72,3,2010-04-28 09:23:00,226
17944.0,74.99,1,2010-10-12 16:25:00,59
17945.0,359.5,3,2010-01-12 11:40:00,332
17950.0,947.26,6,2010-12-09 15:20:00,1
17951.0,627.5400000000001,2,2010-12-01 12:40:00,9
17952.0,788.46,4,2010-11-26 13:54:00,14
17953.0,148.67000000000002,1,2010-06-17 15:08:00,176
17954.0,1616.38,9,2010-12-07 12:37:00,3
17955.0,392.6,2,2010-02-22 11:22:00,291
17958.0,465.42,1,2009-12-11 15:37:00,364
17959.0,140.75,1,2010-04-26 14:12:00,228
17960.0,61.300000000000004,2,2010-07-05 09:56:00,158
17962.0,563.5,3,2010-06-08 16:24:00,185
17963.0,643.16,4,2010-08-25 15:58:00,107
17964.0,261.76,1,2010-12-02 13:32:00,8
17966.0,865.49,5,2010-04-27 10:14:00,227
17967.0,223.42,2,2010-12-03 11:19:00,7
17968.0,590.4399999999999,4,2010-12-01 12:23:00,9
17971.0,161.94,1,2010-06-09 14:04:00,184
17974.0,1035.1,3,2010-11-23 13:24:00,17
17976.0,321.79,1,2010-12-02 13:49:00,8
17977.0,1223.31,1,2010-11-04 14:26:00,36
17978.0,1159.99,4,2010-12-09 14:05:00,1
17980.0,201.27,1,2010-11-11 14:42:00,29
17981.0,239.12,1,2010-10-25 10:40:00,46
17982.0,138.18,1,2010-01-28 09:38:00,316
17983.0,171.71,1,2010-11-09 13:24:00,31
17984.0,996.01,4,2010-11-12 14:13:00,28
17987.0,766.87,4,2010-11-28 16:04:00,12
17988.0,284.57,6,2010-08-09 16:56:00,123
17989.0,207.32999999999998,1,2010-11-25 13:49:00,15
17990.0,896.77,3,2010-11-24 09:57:00,16
17991.0,205.3,1,2010-04-27 12:46:00,227
17992.0,252.88,1,2010-11-15 13:04:00,25
17993.0,225.99,1,2010-04-01 14:23:00,253
17994.0,1589.1399999999999,7,2010-11-16 09:56:00,24
17995.0,419.38,2,2010-11-22 16:34:00,18
17996.0,469.73,3,2010-11-25 11:00:00,15
17998.0,639.24,3,2010-11-24 15:31:00,16
17999.0,338.41,2,2010-12-08 15:17:00,2
18000.0,124.25,1,2010-05-24 17:34:00,200
18001.0,509.01,4,2010-09-16 11:37:00,85
18002.0,237.62,4,2010-11-29 10:57:00,11
18003.0,353.51,1,2010-11-28 15:09:00,12
18006.0,524.83,3,2010-11-23 10:22:00,17
18007.0,215.22,1,2010-11-12 11:08:00,28
18009.0,1896.84,7,2010-06-15 13:40:00,178
18011.0,410.79,2,2010-12-01 17:35:00,9
18012.0,115.3,1,2009-12-16 13:16:00,359
18016.0,476.90000000000003,2,2010-10-25 14:24:00,46
18017.0,165.0,1,2010-10-04 15:11:00,67
18018.0,175.85,2,2010-11-05 15:52:00,35
18020.0,190.48000000000002,1,2010-06-14 12:31:00,179
18021.0,216.41,2,2010-07-18 10:52:00,145
18022.0,893.9,4,2010-11-19 13:16:00,21
18025.0,1177.72,6,2010-11-25 12:37:00,15
18026.0,2074.07,2,2010-07-27 10:37:00,136
18028.0,192.05,1,2010-05-05 13:28:00,219
18029.0,433.77,1,2010-03-07 15:30:00,278
18031.0,451.3,1,2010-11-26 11:00:00,14
18034.0,334.67,1,2010-11-29 12:36:00,11
18035.0,546.34,2,2010-11-19 13:46:00,21
18036.0,1142.37,8,2010-11-19 13:56:00,21
18037.0,97.39999999999999,9,2010-10-14 12:46:00,57
18038.0,141.48,1,2010-06-01 15:59:00,192
18039.0,548.22,4,2010-11-30 13:07:00,10
18042.0,116.1,1,2010-06-16 10:53:00,177
18043.0,287.91,1,2010-12-08 12:35:00,2
18044.0,1417.01,8,2010-11-17 13:25:00,23
18046.0,189.63,1,2010-02-28 11:36:00,285
18047.0,326.09,2,2010-11-23 13:11:00,17
18048.0,222.64,1,2010-08-03 13:03:00,129
18049.0,500.5,2,2010-09-28 14:26:00,73
18050.0,337.66,1,2010-11-11 15:51:00,29
18051.0,2282.28,7,2010-03-15 13:58:00,270
18053.0,271.05,2,2010-07-02 11:42:00,161
18054.0,176.5,1,2010-11-12 08:18:00,28
18056.0,190.95,1,2010-03-31 12:29:00,254
18057.0,1168.14,3,2010-11-11 16:55:00,29
18058.0,603.9,2,2010-06-16 13:45:00,177
18060.0,1185.46,2,2010-10-27 16:41:00,44
18062.0,912.15,3,2010-11-18 10:05:00,22
18063.0,186.60000000000002,2,2010-11-14 10:46:00,26
18064.0,3667.83,9,2010-09-19 15:37:00,82
18066.0,1122.4,2,2010-11-18 10:08:00,22
18069.0,2439.78,6,2010-11-21 15:56:00,19
18070.0,314.1,1,2010-02-08 13:28:00,305
18071.0,975.63,5,2010-12-09 10:33:00,1
18074.0,1019.44,2,2010-12-01 09:53:00,9
18075.0,3171.54,10,2010-11-30 12:09:00,10
18076.0,151.49,1,2010-11-24 14:02:00,16
18077.0,1699.25,8,2010-12-08 10:21:00,2
18078.0,389.40000000000003,2,2010-10-10 16:01:00,61
18079.0,590.78,1,2010-08-05 12:19:00,127
18083.0,463.53,1,2010-11-07 11:44:00,33
18084.0,704.75,2,2010-11-21 15:47:00,19
18085.0,955.8000000000001,3,2010-12-01 12:08:00,9
18089.0,428.45,1,2010-09-19 11:57:00,82
18090.0,321.9,1,2010-10-14 12:32:00,57
18091.0,360.85,1,2010-04-25 13:18:00,229
18093.0,2346.19,4,2010-09-21 15:41:00,80
18094.0,3374.2200000000003,6,2010-09-19 14:03:00,82
18095.0,1723.04,3,2010-10-08 15:09:00,63
18096.0,789.1,3,2010-09-23 13:54:00,78
18097.0,1965.52,5,2010-11-19 10:55:00,21
18098.0,527.94,1,2010-11-08 16:31:00,32
18100.0,451.56,1,2010-06-07 14:19:00,186
18101.0,399.61,3,2010-11-30 14:21:00,10
18103.0,105.8,1,2010-06-08 13:36:00,185
18106.0,1019.16,5,2010-08-20 14:14:00,112
18107.0,165.88,1,2010-09-23 13:03:00,78
18108.0,577.8100000000001,2,2010-04-22 09:38:00,232
18110.0,193.48000000000002,1,2010-10-24 14:21:00,47
18111.0,405.85,1,2010-04-29 12:58:00,225
18112.0,420.67,2,2010-10-17 13:16:00,54
18113.0,76.32000000000001,1,2010-12-06 12:31:00,4
18115.0,9.700000000000001,1,2010-01-11 11:57:00,333
18116.0,731.38,5,2010-11-28 15:31:00,12
18118.0,1068.05,4,2010-12-05 12:13:00,5
18119.0,180.7,1,2010-12-07 11:59:00,3
18123.0,92.2,1,2010-07-14 12:47:00,149
18124.0,102.65,1,2010-08-24 17:21:00,108
18127.0,209.05,1,2010-11-01 13:56:00,39
18128.0,399.29,1,2010-06-20 13:19:00,173
18131.0,222.95999999999998,1,2010-03-18 08:48:00,267
18132.0,220.13,1,2010-07-23 16:54:00,140
18134.0,445.0,2,2010-04-20 14:02:00,234
18135.0,567.71,5,2010-11-12 10:34:00,28
18136.0,847.03,2,2010-10-26 15:57:00,45
18137.0,145.99,2,2010-06-06 14:18:00,187
18140.0,536.41,1,2010-08-23 11:58:00,109
18141.0,882.47,2,2010-11-03 11:44:00,37
18144.0,2169.25,8,2010-12-01 13:45:00,9
18145.0,2748.19,7,2010-11-22 12:55:00,18
18148.0,112.85000000000001,1,2010-03-03 11:40:00,282
18149.0,941.88,4,2010-10-31 11:24:00,40
18151.0,1226.09,4,2010-10-15 15:29:00,56
18152.0,426.69,1,2010-03-03 15:26:00,282
18153.0,246.22,1,2010-02-18 15:50:00,295
18154.0,533.41,3,2010-11-16 12:40:00,24
18156.0,186.88,1,2010-12-05 12:29:00,5
18157.0,213.9,1,2010-05-17 14:09:00,207
18160.0,365.82,1,2010-11-18 16:33:00,22
18161.0,184.41,1,2010-11-25 15:55:00,15
18162.0,371.51,1,2009-12-07 13:24:00,368
18163.0,728.84,1,2010-05-04 14:51:00,220
18166.0,175.5,1,2010-03-26 12:26:00,259
18168.0,2538.7599999999998,11,2010-12-02 18:08:00,8
18170.0,1897.69,6,2010-11-30 13:33:00,10
18171.0,1206.0,4,2010-08-26 12:17:00,106
18173.0,589.52,1,2010-04-06 10:43:00,248
18174.0,58.5,1,2010-04-15 12:17:00,239
18175.0,176.1,1,2010-02-02 10:25:00,311
18177.0,875.45,3,2010-05-28 12:38:00,196
18179.0,754.38,2,2010-07-05 10:48:00,158
18181.0,821.49,4,2010-11-04 16:51:00,36
18182.0,291.13,1,2010-09-02 14:25:00,99
18186.0,329.58,1,2009-12-17 10:22:00,358
18187.0,724.89,1,2010-03-18 09:49:00,267
18188.0,1279.55,3,2010-10-05 09:38:00,66
18189.0,313.49,1,2010-03-24 09:57:00,261
18190.0,461.16,3,2010-04-15 09:45:00,239
18191.0,321.59999999999997,1,2010-08-19 17:42:00,113
18193.0,963.59,2,2010-11-24 12:25:00,16
18194.0,3188.2000000000003,5,2010-09-27 13:08:00,74
18195.0,101.16,1,2010-11-17 15:03:00,23
18196.0,768.64,2,2010-08-25 15:31:00,107
18197.0,230.1,1,2010-05-13 10:46:00,211
18199.0,344.75,1,2010-01-25 11:32:00,319
18201.0,447.53000000000003,1,2009-12-17 08:55:00,358
18203.0,322.1,3,2010-11-23 12:25:00,17
18206.0,314.65999999999997,1,2010-06-04 13:47:00,189
18207.0,544.47,1,2010-07-28 14:26:00,135
18208.0,360.08,1,2010-05-23 11:54:00,201
18210.0,147.45,1,2010-11-22 09:39:00,18
18212.0,298.3,1,2010-01-31 14:42:00,313
18214.0,1780.34,4,2010-06-27 11:21:00,166
18215.0,1933.15,4,2010-09-28 16:18:00,73
18217.0,323.29,2,2010-07-14 12:27:00,149
18218.0,479.91999999999996,2,2010-04-22 12:38:00,232
18219.0,1493.1200000000001,8,2010-12-06 10:05:00,4
18220.0,1616.48,5,2010-11-10 14:22:00,30
18221.0,383.33,1,2010-11-14 15:46:00,26
18227.0,295.0,1,2010-08-12 16:45:00,120
18229.0,3526.81,10,2010-12-08 10:51:00,2
18230.0,1480.8600000000001,2,2010-11-26 15:33:00,14
18234.0,179.6,1,2010-06-06 11:22:00,187
18236.0,913.11,6,2010-11-16 12:48:00,24
18238.0,270.92,1,2010-07-12 12:51:00,151
18239.0,588.75,2,2010-12-02 17:48:00,8
18241.0,913.9,4,2010-10-20 11:58:00,51
18242.0,1372.72,4,2010-09-20 13:57:00,81
18243.0,515.78,1,2010-10-21 14:29:00,50
18244.0,568.64,2,2010-10-05 11:15:00,66
18246.0,162.72,1,2010-04-09 10:19:00,245
18247.0,839.73,3,2010-10-21 09:49:00,50
18252.0,1015.42,5,2010-06-09 12:25:00,184
18253.0,317.88,1,2010-03-07 12:38:00,278
18254.0,267.9,1,2010-05-07 14:37:00,217
18255.0,199.85,1,2010-09-09 16:31:00,92
18256.0,110.7,1,2010-11-17 08:53:00,23
18257.0,2247.52,4,2010-09-19 13:02:00,82
18258.0,2059.67,6,2010-09-01 14:20:00,100
18259.0,1979.6000000000001,5,2010-12-08 13:38:00,2
18262.0,428.06,2,2010-11-11 13:30:00,29
18264.0,603.25,1,2010-07-29 10:02:00,134
18266.0,251.1,1,2010-10-01 15:33:00,70
18267.0,269.37,1,2010-02-05 08:43:00,308
18268.0,1464.73,5,2010-04-27 15:47:00,227
18269.0,168.6,1,2010-12-08 13:53:00,2
18270.0,161.4,1,2010-10-03 10:49:00,68
18271.0,680.85,2,2010-04-09 09:26:00,245
18272.0,1307.4,3,2010-06-09 14:37:00,184
18273.0,153.0,1,2010-04-28 12:24:00,226
18275.0,741.85,2,2010-05-10 15:46:00,214
18276.0,1320.66,5,2010-11-12 10:11:00,28
18277.0,1069.67,4,2010-11-07 15:52:00,33
18278.0,240.3,1,2010-10-31 12:13:00,40
18279.0,231.33999999999997,1,2010-07-08 14:48:00,155
18280.0,307.55,1,2010-11-10 15:51:00,30
18281.0,120.32,1,2010-05-11 10:49:00,213
18283.0,619.37,6,2010-11-22 15:30:00,18
18284.0,411.68,1,2010-10-04 11:33:00,67
18285.0,377.0,1,2010-02-17 10:24:00,296
18286.0,1246.43,2,2010-08-20 11:57:00,112
18287.0,2295.71,4,2010-11-22 11:51:00,18
